RE_PV_Openfield_Lim_[MX],RE_WIND_Onshore_Lim_[MX],BESSch_[MX],BESSdisch_[MX],PP_CO2_[MX],PP_CO2_Existing_[MX],EL_Demand_[MX]
7.060253865062878,0.5463794987345814,1.7075352368689104e-06,1.1577325689354419,5.977639910881063e-07,9.469604446414866,24.6446669
0.20570050647741386,0.5681641359028908,1.3969133403576982e-06,2.084233587588985,6.236241561383908e-07,20.17105967913231,23.8957202
0.0,0.5548514464231472,1.396032927733184e-06,2.0714170723503833,6.221595479306488e-07,19.864894160442354,23.1738763
0.0,0.5295353306275858,1.4039216770597264e-06,2.0160451222622573,6.202557133443842e-07,19.316058242811945,22.5122237
0.0,0.5044901921783402,1.406986285048354e-06,1.989418066817487,6.184451276018891e-07,18.859522856915376,21.9715276
0.0,0.48254500737259765,1.3999295311351771e-06,2.0132226327818157,6.169205800560273e-07,18.613586027090214,21.6978045
0.0,0.46713011789708114,1.389467851046127e-06,2.0624289599253056,6.154156702328938e-07,18.43518632309307,21.5315602
0.0,0.4418442851384271,1.3905525104061125e-06,2.0578117348323914,6.133027623917218e-07,17.936981170961005,20.9700946
0.0,0.40847264381642945,1.3741500734493992e-06,2.1529009755543735,6.11750011436395e-07,17.831426516908635,20.8797037
0.0,0.392797750311184,1.3440638561416982e-06,2.3949705531337,6.106588901541379e-07,18.14526781521299,21.3931379
0.0,0.3007435317193057,1.3101506894127307e-06,2.799434499057058,6.096622565891298e-07,18.604323560375533,22.0326325
0.0,0.31652135327569664,1.2917560927292486e-06,3.2576045284164534,6.072591835646075e-07,18.647574618472113,22.5592635
0.0,0.321055079911578,1.2780189457919787e-06,3.815456946158305,6.034835497305811e-07,18.318173929135423,22.7843043
0.0,0.3383428906395803,1.2642523619021066e-06,4.741940289848191,5.975490841182372e-07,17.622495535038688,23.0321202
1.4096304813744556,0.35000586773525744,1.270612139042227e-06,4.790433542095135,5.839544850212999e-07,14.898306765659175,22.9332566
7.899240904363265,0.3806888143125605,1.3646985779254503e-06,2.672989126866472,5.173526744590072e-07,5.33353047540915,23.1192155
16.539626501888385,0.3556239902308894,24.64153854579155,18.82273551702377,6.177733018246555e-08,6.573587359926254e-08,23.4132785
23.595216588655404,0.3489000061887032,32.25798328227268,14.678383164437559,5.997116013618867e-08,6.366183950079962e-08,24.071908
28.237700879849907,0.41567785063385665,35.47546075526562,12.252637859047342,5.9503110384658475e-08,6.31228012203653e-08,26.9259066
30.130126677643997,0.4772491631693379,36.58041161155593,11.394555986375256,5.93648465202868e-08,6.296322143789119e-08,28.5218206
28.180652500546117,0.523328496607238,34.6299118997874,12.960426001417959,5.9501175178925034e-08,6.312069339384975e-08,28.6278281
24.53993166484688,0.5400410125557916,31.216238844517758,15.552919122419684,5.99100324133587e-08,6.359281512056573e-08,28.1410631
18.933104288921427,0.46986881447982354,25.38587160710514,18.566051002898234,6.119788496977319e-08,6.507442065875778e-08,26.9572724
11.919615770716488,0.4949068382396754,1.4679731299315611e-06,1.5441348445226102,4.895125388121075e-07,1.3535016055723195,25.5794545
7.593932642602633,0.5649807021315426,1.3299088622924143e-06,3.315444891815779,5.753744908978982e-07,11.5191847892009,29.8070156
0.6940676190073427,0.5305626099598948,1.2501454791223497e-06,7.023928685653826,6.104987606954996e-07,19.24830487014014,28.5855657
0.0,0.45376560229995805,1.2573493146639442e-06,6.0688313222075525,6.193636934201712e-07,20.735042744863705,27.7066029
0.0,0.3953275447979633,1.2703802226079757e-06,5.088324245111188,6.238117113687015e-07,21.273438598905337,27.1532073
0.0,0.35502198357952836,1.2757911213039034e-06,4.735976694202107,6.272933058354657e-07,21.801301620716814,27.2438703
0.0,0.2959122927650105,1.2775683539066915e-06,4.562043379789971,6.300870485904901e-07,22.256111972963367,27.3917379
0.0,0.24717346410796223,1.2674634068337747e-06,4.927946329358082,6.330827926868653e-07,23.035525479221874,28.4146486
0.0,0.20647119952853857,1.258373431122741e-06,5.338286433840151,6.354032222753064e-07,23.666383674065063,29.3510054
0.0,0.17014848234086674,1.2469106149746228e-06,6.033907357707906,6.373781130729294e-07,24.28802007413545,30.5664663
0.0,0.14482236064957676,1.2367870502836739e-06,6.86618438354246,6.386978602787704e-07,24.749611635192235,31.7806757
0.0,0.13229149648211358,1.230839017727723e-06,7.502927650410634,6.390253751572517e-07,24.915113384401277,32.5378832
0.0,0.12420454912621738,1.227535775237879e-06,7.9536251432070015,6.383693037966136e-07,24.81542529289617,32.8588329
0.0,0.11243066137528848,1.2238521341418395e-06,8.56744627308768,6.367692671273968e-07,24.518258085063596,33.1327814
0.0,0.10444884226197425,1.2220747824510316e-06,9.072895098599242,6.332647911456827e-07,23.78255055389039,32.8713385
1.5235688058347814,0.0958917670660456,1.2325094454947184e-06,7.9303718169909745,6.241035449442594e-07,21.620167571060968,32.3322415
9.369841473961728,0.09520976853004658,1.323197854258985e-06,3.454862973343685,5.832225179926843e-07,11.332247848877534,31.878147
19.507107489615077,0.08329505747094433,20.150940554557003,17.58555507285519,6.34370336025626e-08,6.767809714581741e-08,31.6820251
27.928942494014,0.08279335301411489,32.77444603710623,17.472648694043702,5.9248281165788524e-08,6.290945315072664e-08,32.0411547
33.21581914542987,0.10318146565712917,36.30020035475217,13.944374736826417,5.8510849437734387e-08,6.20443786236981e-08,33.6258513
35.40775434745742,0.1331803904068107,38.15154893248184,12.092464411616684,5.82555229162009e-08,6.174688055970405e-08,33.4306123
34.789351606851355,0.17601810109079866,38.07122416749711,12.142483075625114,5.828049175869185e-08,6.177074541255692e-08,32.7394695
31.62623231263242,0.21922242005492057,35.8956746915753,14.45444368292882,5.851607672724094e-08,6.204262460830725e-08,32.2603483
26.00825259135908,0.2316665535604566,31.716074147539288,18.663908877811185,5.911898963552322e-08,6.274437027350975e-08,31.4865632
18.072744334152446,0.2831656771619114,20.776061311471622,18.282409354651108,6.109371409745707e-08,6.499304331594225e-08,29.6481574
9.145945312112032,1.7445767667659529,1.3680498316828497e-06,2.029261934844976,4.835803787771706e-07,6.971329606147536,29.5548552
1.3185940607613287,1.6866261124764503,1.2750905570251143e-06,5.340832566847317,5.559137783244742e-07,16.945261286980365,28.4581139
0.0,1.6589967939038623,1.2809904392369755e-06,5.389574039996792,5.712947003342138e-07,18.683753798565046,27.7937272
0.0,1.6030534439161659,1.296088754157122e-06,4.671653754335986,5.841132902386669e-07,19.328136778857395,27.608138
0.0,1.5079073316785594,1.3007748675366433e-06,4.393306692872898,5.947372932367879e-07,20.023651555805074,27.811166
0.0,1.4291939683336834,1.2950623737238018e-06,4.487994132273341,6.025878788739357e-07,20.893437534140553,28.5903599
0.0,1.3546074952212297,1.275153422770867e-06,5.244449972359679,6.087598075457454e-07,22.11802153453814,30.379166
0.0,1.2670367416055832,1.2575202768112364e-06,6.158747844297824,6.12954182017193e-07,23.107435337575037,32.0565253
0.0,1.1610847926803856,1.2474329498710263e-06,6.73693493353931,6.154124027066747e-07,23.676872071849797,32.9434857
0.0,1.1042169145117118,1.2378890890174687e-06,7.568385743386826,6.170650172143115e-07,24.13767231887084,34.0828022
0.0,1.0366804241580296,1.2319435423005262e-06,8.155434201410236,6.176996987799736e-07,24.32278114490655,34.6833435
0.0,1.0420934534318185,1.2297249912534591e-06,8.526991137202051,6.172810912208084e-07,24.253195254875745,34.9886043
0.0,1.0174890553410063,1.2263150649028052e-06,9.113808118004373,6.160680762535311e-07,24.01511394399644,35.2654944
0.0,0.9734759835960433,1.2239467358796523e-06,9.671455905759332,6.132912343919361e-07,23.40856063882162,35.1003711
1.272220710731195,0.9210095386429833,1.2302455494778162e-06,8.959996313193209,6.057856201999698e-07,21.710979708235943,34.8894748
8.875841986685852,0.9196603735147644,1.3147444326266137e-06,3.5383089934791667,5.728762018227622e-07,13.279980065781826,34.9291112
19.78220654685459,0.8904338596903877,18.934817206253086,16.92045734577697,6.012724127731814e-08,6.387975369666569e-08,34.7778355
28.637329503286143,0.8457882273793164,32.95058982104101,18.08420059123376,5.7626224667343816e-08,6.104668093986268e-08,34.6967896
34.793742522564216,0.8312613031044735,36.983814962846935,13.782821234119359,5.717138095551096e-08,6.052285876604133e-08,34.9698468
38.21801679455674,0.8173123823874813,38.33316965222103,12.371101308844615,5.702566066756363e-08,6.035588858460589e-08,36.5931692
38.1064009123812,0.83611381978952,38.296161963262264,12.435662769250742,5.701800448125553e-08,6.034746837899057e-08,36.3775629
35.413718206529424,0.8302065490198045,37.24844385836985,13.534103487782073,5.7132392558994924e-08,6.047879541335752e-08,35.0697449
29.882958157252283,0.7152977423753022,34.14449511214668,16.91751455987498,5.7501348134981514e-08,6.090586585655921e-08,33.5873088
21.328362455842303,0.5792077259404826,27.18677180971416,21.38600099768104,5.9077460209319e-08,6.27216186216912e-08,31.8184122
8.805139579386404,0.3360241929120813,1.332409939013789e-06,3.5800666217171604,5.535804071878769e-07,8.137853988804778,28.3435113
1.2682260702765114,0.3684849328668978,1.2489351077320927e-06,7.45977567673861,5.998483707226935e-07,16.81051693427928,27.2351237
0.0,0.36628055111606983,1.24818456478314e-06,7.2257348101633445,6.098654722367535e-07,18.631495641288737,26.5277409
0.0,0.3348949308370079,1.2578579036286297e-06,6.178783656850519,6.141278848931522e-07,19.21305142054107,26.0155861
0.0,0.30584795373947204,1.263605725076167e-06,5.664208175845969,6.169699474214985e-07,19.60929333030567,25.8426182
0.0,0.2867808459855374,1.267823473199348e-06,5.344820475493235,6.189171607319587e-07,19.87423395710241,25.7518481
0.0,0.2787436848710406,1.2685934070942448e-06,5.267565460128547,6.204322159716011e-07,20.13940547078557,25.9230194
0.0,0.2786189318053443,1.270603650155452e-06,5.148991275865925,6.212673060059826e-07,20.25134999998506,25.9190642
0.0,0.2686422466583949,1.2630608574944254e-06,5.551558670776503,6.223896617361745e-07,20.617621078110698,26.6546549
0.0,0.2553700230111012,1.2526537051777727e-06,6.248890640088573,6.23285665370639e-07,20.99255399189997,27.6786448
0.0,0.21363564199507976,1.2452526806825642e-06,6.823399316156734,6.233757890749897e-07,21.122149042370506,28.2714044
0.0,0.19056453409825283,1.2407067218373717e-06,7.282158792099983,6.225087609162637e-07,21.011405771940463,28.5543395
0.0,0.17928268212369503,1.2367301637749792e-06,7.812955879258747,6.206117329318887e-07,20.686173124086615,28.7204175
0.0,0.1807992110603048,1.23309029125017e-06,8.495730835158714,6.170085863749028e-07,20.017417766190373,28.7208918
1.3968472645341763,0.17100176412176027,1.2403436274405215e-06,7.889692651134769,6.080650584093265e-07,18.101208581938614,28.7188372
7.806793524458892,0.17511701766329388,1.3124157509756738e-06,4.012803291280493,5.721421197966269e-07,10.081091462817739,28.5280946
16.855486821422907,0.14339729444491833,14.950437323836399,13.4061783591187,6.460653622721216e-08,6.905231000912052e-08,28.455779
24.98554600177512,0.20158665292092173,32.105181078605796,18.172453406510723,5.8835098020562316e-08,6.242927656183709e-08,28.4032607
30.97352873910667,0.34516846492806863,36.209735520212696,14.083078086805079,5.8032209286867583e-08,6.149565647686191e-08,30.0621695
35.04000163054526,0.5185221784142385,38.43018411595538,11.752747916869378,5.7741911190689645e-08,6.11594474522472e-08,32.2186346
34.31393991335001,0.6355476189737113,37.873827757668074,12.402833364902815,5.773002821837609e-08,6.114515979376583e-08,32.3927175
31.259004584250142,0.707690005559263,36.06982527795045,14.288001954354803,5.791010729525404e-08,6.135168240382197e-08,31.6409567
25.90711734927481,0.5774506243130867,32.44716058551181,17.95799656406562,5.841590522941367e-08,6.193751230064476e-08,30.1976604
17.86617095569835,0.6185673927972817,24.038137885097438,20.208065031142816,6.044150759629477e-08,6.424692605003776e-08,28.2822409
9.114091223623662,0.5359513155092601,1.3374846793388353e-06,3.2029639875378986,5.64643012430601e-07,9.977712708383606,30.8393764
1.6433937696951884,0.5872850764814699,1.2601705153041385e-06,5.98306253706918,6.086284449812282e-07,19.36282201628111,29.5349997
3.87617805856734e-06,0.6388664584964294,1.2580027889715369e-06,5.983489530534997,6.203244631160901e-07,21.77657306511289,29.0950652
0.0,0.5936512253686721,1.272191615016187e-06,4.950021559589967,6.254670653843838e-07,22.51120850338435,28.7169922
0.0,0.5787805792271302,1.2794633413999335e-06,4.551910670103264,6.292796441963553e-07,23.144883497516837,28.927953
0.0,0.5713155286954303,1.2753289079501552e-06,4.677170090227438,6.328223979178177e-07,23.98163277191535,29.8694831
0.0,0.5428671363434787,1.2599954194445502e-06,5.368082058079818,6.364012923241654e-07,25.05404331941438,31.5494251
0.0,0.5018847177398889,1.2484752242545776e-06,6.024267596140196,6.390294307900088e-07,25.832595929394625,32.8725246
0.0,0.47051716335433047,1.2423902492189816e-06,6.42558617033972,6.40602507276109e-07,26.27326913015821,33.6315922
0.0,0.4267525695105913,1.2345569408508311e-06,7.062340457216021,6.41769914548944e-07,26.64908237154457,34.5265417
0.0,0.3783929477173045,1.2282364583035536e-06,7.683827438976056,6.422386611856578e-07,26.833367460369995,35.2043996
0.0,0.3409586750203157,1.225557380052375e-06,7.994404136198802,6.417011700317313e-07,26.724326100459585,35.3111816
0.0,0.29898193573101056,1.2207322949856065e-06,8.711512264753738,6.404981818975448e-07,26.500182375344153,35.6886737
0.01613021747293549,0.2638974840725443,1.2173242204811598e-06,9.448532087848557,6.376660296031238e-07,25.882952710628384,35.7377
1.7273148186612994,0.2511085894139019,1.227171087447473e-06,8.254648660990568,6.296228377880105e-07,23.865605477823685,35.6232483
9.466555181134778,0.24516251124749255,1.3076213512496926e-06,3.6653168983184994,5.95184650946158e-07,14.45304887356685,35.7276157
19.9714593516057,0.258693605660082,7.3203526498851135,6.613746619139234,6.784869379397643e-08,7.27090678391122e-08,35.6529335
27.97693349200755,0.28861656852401296,31.169864018526223,17.741080273676435,5.970737608128014e-08,6.341263833089425e-08,35.2937292
33.4329314273915,0.34193261353058785,35.947770985414124,13.417105469742422,5.887071502242278e-08,6.243598463582421e-08,35.6371991
35.63733330117904,0.35329276025719314,37.30792665574151,12.281488948188898,5.863700239713283e-08,6.216550402136745e-08,36.9513899
34.89531155317209,0.36669502738024534,36.902555839100124,12.699866997636384,5.8669445309403375e-08,6.219960133712105e-08,36.5522966
32.266675526425395,0.40904248787035963,35.2128536613512,14.265070328513392,5.888625241976169e-08,6.244849924460191e-08,35.3900708
27.015411101410027,0.3772789708917835,31.04188471234207,18.01670928361888,5.951175561806038e-08,6.317434341268934e-08,34.217077
19.432944559472247,0.44583543240420925,18.97635573893408,16.58293996623819,6.221310894896632e-08,6.62622444188547e-08,32.7310099
11.028413281480223,0.9540518090956916,1.413138455764083e-06,2.173302735048231,4.956904194878431e-07,4.213789684889854,28.5073648
2.697599382633471,1.0287235921434414,1.2905456020412014e-06,4.875683343324092,5.8122018701442e-07,15.407200976293167,27.4332352
0.014848338159122497,1.0468596651201152,1.2722726691869966e-06,5.768170494012157,6.024304226347379e-07,18.99649538362163,27.0800002
0.0,0.9975835972561026,1.290811676219912e-06,4.641638606897335,6.108579837170115e-07,20.01009064354389,26.8538499
0.0,0.9020529601040765,1.3001546625765058e-06,4.146605321397977,6.169944636532479e-07,20.852173948679322,26.9912838
0.0,0.7832386478162392,1.2909031783871204e-06,4.286781008468763,6.227447559495122e-07,22.038793468628857,28.0384766
0.0,0.6835052248834703,1.2669458224342995e-06,5.1586875543539215,6.282895149024426e-07,23.56837354468644,30.1864073
0.0,0.5852548857662289,1.2520563556178508e-06,5.886830399186522,6.321264734570658e-07,24.596368683239263,31.6960298
0.0,0.5066861546036461,1.2398367252278486e-06,6.714271998313222,6.349231397974125e-07,25.375417461639252,33.0992579
0.0,0.43265519113207046,1.2295537086279776e-06,7.647536373689715,6.36849000542818e-07,25.934570073394017,34.3963118
0.0,0.37063480736254056,1.2240147598859832e-06,8.249172924182794,6.376532224240059e-07,26.164727204972355,35.068943
0.0,0.3292479570873382,1.2204791970338996e-06,8.73827441645476,6.375347270344253e-07,26.16127007960224,35.446186
0.0,0.29187513496323375,1.2163550249407485e-06,9.48996798818165,6.365724488583476e-07,25.979055168563093,35.9100262
0.049194116217974086,0.2658493413389034,1.2147876100581297e-06,9.996357789453379,6.338419806580759e-07,25.35957228549481,35.8128195
1.8462056774196927,0.23948252909815648,1.2235149538475525e-06,8.796261453638126,6.26232923984139e-07,23.48442067700358,35.9582708
10.619695565922864,0.19995420485307672,1.3137817270115185e-06,3.4175938792893574,5.891920680442809e-07,13.305754058144146,36.3205209
21.585130748142983,0.20585284070062196,18.131928317405812,16.03321054827801,6.317532894149079e-08,6.74010904957937e-08,36.3544869
29.64919966834274,0.27608077880235404,32.52525867351513,18.007848071667684,5.848757172419451e-08,6.203234275804547e-08,36.0864137
35.26750812122163,0.35626248246888553,36.73466402936859,13.701204423010045,5.7764812400949055e-08,6.119071153288537e-08,36.224564
37.97169521799107,0.4445805991017998,38.060325449097974,12.428462537034132,5.753633165605959e-08,6.092594069866095e-08,37.6406206
37.77602903452999,0.5430783104964276,37.89879150985153,12.780094508877635,5.7470322508911564e-08,6.085163263147549e-08,37.4559477
34.76875499303009,0.6296126412706297,36.52850420276688,14.012717453530263,5.7671198385694683e-08,6.107946426003438e-08,36.2920288
29.09169665017877,0.6562845559374344,33.05600435902406,17.68763856890859,5.810419796424838e-08,6.158106036447926e-08,34.789058
21.339968657015003,0.6728192654604526,26.027300289996834,21.002254464242707,5.969331233464524e-08,6.340428046254295e-08,33.1419446
10.154072162636972,0.679330013361233,1.3565510079055846e-06,2.8742254241771232,5.526611814532444e-07,8.79888716059007,31.5552156
2.2451908731823518,0.6516702680206388,1.2662441603884459e-06,5.602099417089651,6.073650386108326e-07,19.167103938136442,30.2065034
0.03674742029493282,0.6385363247466922,1.255333092521256e-06,6.1047683601009695,6.214412560482826e-07,22.155884193088177,29.6583491
0.0,0.5991106521467986,1.270115870908815e-06,5.001189628598278,6.269537455469709e-07,22.95498743921383,29.2233465
0.0,0.5503730286197333,1.2760486893446815e-06,4.6026536316394315,6.310566208613117e-07,23.655265032792798,29.4217961
0.0,0.5019115678147809,1.2729451432803066e-06,4.6321736417000565,6.346233663436985e-07,24.45067347030357,30.1333729
0.0,0.45882809906420907,1.2580193130981935e-06,5.2796974244521895,6.382300585350982e-07,25.52932656044753,31.7432453
0.0,0.42360902111917825,1.25084272093045e-06,5.6373398168401705,6.405361058849745e-07,26.16584422057346,32.646623
0.0,0.40377294093007315,1.2387084396215364e-06,6.516304491008703,6.426441171866286e-07,26.87609488656948,34.1677696
0.0,0.3927722435692545,1.229469363261003e-06,7.4197789267466,6.43938897794249e-07,27.342423174605894,35.4894223
0.0,0.40791351878560317,1.2266214945808896e-06,7.803921863764133,6.440335330374558e-07,27.419554652849897,35.9762781
0.0,0.3999748079457103,1.2214736130596347e-06,8.542683844691066,6.436666828896525e-07,27.419241814592368,36.6778104
0.0,0.38929398967353657,1.217977355466789e-06,9.198329865006333,6.422105733497786e-07,27.135985488330395,37.0089891
0.11100355189897075,0.35826269419377466,1.2151266234984676e-06,9.91090259563976,6.390531900681591e-07,26.448390787058095,37.1449209
2.7852177010574044,0.35300320290228965,1.232244544729244e-06,7.659254515377844,6.292143294414222e-07,23.92073308023279,37.2490842
11.267579802420801,0.3583644005305797,1.3280275974395977e-06,3.2018127166222206,5.87106693736497e-07,12.891507467240855,37.2364434
20.600357791129404,0.3834153269206145,6.8651559116358865,6.208380459296195,6.645909946007736e-08,7.110811579623482e-08,37.1520804
27.70867249881036,0.5689433464147958,29.749210356918006,16.702381742199947,5.8758877062896757e-08,6.233233524144297e-08,36.518123
32.30429650155159,0.7665154239008202,34.710235194128884,13.0520263252899,5.80293485350239e-08,6.14842354850879e-08,36.4785379
34.254954840953616,0.9486070207771727,36.28220421822523,11.852219151926683,5.781339050993675e-08,6.123414938428409e-08,37.5725511
33.44547494476974,1.1281169638806514,35.77929033544513,12.277450740722413,5.7787380209728126e-08,6.120408777819821e-08,37.4448004
30.46716290611274,1.2999463869508727,33.58145557281458,14.020879146884994,5.791253402588011e-08,6.134703613599417e-08,36.4919314
25.402753024491847,1.3627035086925927,29.094657714943203,17.30601141495558,5.829606308121792e-08,6.178686861670066e-08,35.4570302
18.23342731100288,1.4486908431294652,15.369982938970095,13.840921608502075,5.999976143529116e-08,6.37124613095604e-08,34.0474896
10.734806182882918,0.6078960386651564,1.3922200016335798e-06,2.4312419490501522,5.078360619688067e-07,4.843646704748203,28.0529966
3.1391222812590205,0.6001588111852774,1.2912909226409197e-06,4.531346692618598,5.915226442774162e-07,15.38828665015623,26.8817067
0.07586871523402261,0.593027592715051,1.2682034727810303e-06,5.539674749287639,6.115292978078408e-07,19.44064758503795,26.35719
0.0,0.5546959238460552,1.2846065284323956e-06,4.564183426459206,6.190564559376638e-07,20.496721056797064,26.2357891
0.0,0.4892186136646313,1.2924757822161486e-06,4.163519606190038,6.245137316636298e-07,21.341628986478582,26.5378951
0.0,0.42051259994383566,1.2816657416085064e-06,4.434064342172499,6.298153803793356e-07,22.582381844054225,27.8827716
0.0,0.3423023175574666,1.2584820598310557e-06,5.3967199329418625,6.350370617338951e-07,24.09361411195981,30.1508498
0.0,0.29123341983175144,1.2473325136893887e-06,6.02230730947559,6.384271004190348e-07,24.985508362653192,31.534019
0.0,0.25430344980761,1.2340096196026201e-06,7.104597537493475,6.412379398134682e-07,25.81453410897667,33.3324607
0.0,0.2182070095945064,1.2272303296164802e-06,7.787595329380597,6.427311059306036e-07,26.22481145055361,34.3247808
0.0,0.19813631602709886,1.2236045092061676e-06,8.232550784106555,6.432041479320988e-07,26.358889704972455,34.8460508
0.0,0.17498758780876522,1.2184302689668925e-06,9.027005630681465,6.430846584336651e-07,26.388121719156388,35.5960838
0.0,0.15857492257304162,1.2162269794143861e-06,9.508377821625873,6.416565602745851e-07,26.073117715011005,35.7122783
0.11264523124981485,0.14591550199388137,1.2137036046163243e-06,10.256613916095752,6.385526155252945e-07,25.394247014004208,35.9373689
2.7026043882170634,0.134739530086115,1.2318452390223035e-06,7.7305540156721895,6.284811557250642e-07,22.802752321683087,35.5439228
11.458470001728367,0.12299436091436332,1.3287292972167421e-06,3.2567832035958793,5.857994141245472e-07,11.684706323348044,35.8817359
21.061189260647573,0.11463206899799376,14.67087113668793,12.979417526752611,6.62494460020177e-08,7.089704871926163e-08,35.8840509
28.207823314550584,0.11893353170622718,30.647082813925174,16.866716992617192,6.08661337852109e-08,6.472643569594467e-08,35.4762783
33.08829518554007,0.14239611336329186,35.442266987933614,12.954980999713122,6.001232714405585e-08,6.372801063423262e-08,35.4673707
34.955092044825726,0.19234359894317934,36.4445367170631,12.305474841836384,5.973401814198891e-08,6.340976095650044e-08,37.2188893
34.38576685331183,0.2564259158883228,35.92023062569497,12.801584235686462,5.975533322703008e-08,6.343216363552724e-08,37.3950686
31.376287539245617,0.33170215454423335,33.75461262223351,14.569235526216593,6.00468076972342e-08,6.376256324813383e-08,36.1833108
26.191818753251727,0.3725675483927505,29.604128172647904,17.73338805663372,6.071660497567595e-08,6.453945612639568e-08,34.4252449
19.03881422868812,0.4478676685235495,15.863439051337327,14.041602744111122,6.377473325102168e-08,6.802712990710918e-08,32.8419933
13.259942557499745,0.8000193531149663,1.4112217531010417e-06,2.1711032714867002,5.053547835907093e-07,4.401452943999865,32.3732402
3.599063152466896,0.8505215080616152,1.2748544776115677e-06,5.439681634736547,5.954711608010032e-07,17.286929048040257,31.0800963
0.07188445892375622,0.8572403233123614,1.2490714193140993e-06,7.199410715962525,6.143657207036413e-07,21.09638910860031,30.2379356
0.0,0.7798395013060895,1.2608160998737983e-06,5.898873978432787,6.204971733743974e-07,22.04371295531398,29.6072879
0.0,0.7048109223897631,1.2663740503647533e-06,5.341531042471541,6.245869623732063e-07,22.712966045621886,29.5587819
0.0,0.6455906526071447,1.268981763358166e-06,5.060722500864235,6.275539936067776e-07,23.230641305958667,29.6650541
0.0,0.6137048149353146,1.2670469996459006e-06,5.080112372344046,6.299822821055158e-07,23.75704377021073,30.1362661
0.0,0.5903567648515692,1.2629161956126064e-06,5.242724531034662,6.318999297311988e-07,24.233798283742587,30.7173118
0.0,0.5392030326088081,1.2449276851620066e-06,6.369291141667187,6.343885392998788e-07,25.101087111797618,32.5641332
0.0,0.4836673371862104,1.2340574822903026e-06,7.292667930557656,6.357685253132139e-07,25.58109903190708,33.8153849
0.0,0.37749021691028195,1.22553551893706e-06,8.136184258946342,6.363583423724886e-07,25.82049660966661,34.6304789
0.0,0.35949543160379305,1.219870916415328e-06,9.027081366576542,6.359470665089387e-07,25.818629302365547,35.4554204
0.0,0.3587654268807729,1.2166346924044317e-06,9.768561722838264,6.341970461724211e-07,25.479667222113047,35.8377053
0.2909763027529065,0.35223712720157335,1.2166480641771226e-06,10.0894603753006,6.29929131605985e-07,24.536068901740737,35.718379
4.834457180190455,0.3187120971564899,1.255563197037092e-06,5.620407255421222,6.139515502638919e-07,20.32977051857722,35.2989731
14.514438886883722,0.28739537382685726,1.3837321901570457e-06,2.2493221839751363,5.346335337387776e-07,5.865199320490485,34.9922291
24.04479153205318,0.3532955464292635,28.134927836249435,21.081267554304077,5.945172933959877e-08,6.315332218853504e-08,34.7571966
30.803556287410522,0.4115842230945832,34.2582117429087,16.526974035228033,5.787271127813781e-08,6.13247251234238e-08,34.3638123
35.63799084258923,0.4513054952836519,37.46809471020606,13.074730226225997,5.7457212667974064e-08,6.08412970218937e-08,34.807607
38.008488392845834,0.49365455892833043,38.08843366769734,12.54597567387312,5.7323717797290186e-08,6.06862165538014e-08,37.1490747
37.08576373301013,0.549423756577274,37.4485161915486,13.239915443181587,5.737091694742434e-08,6.073940485731423e-08,37.4565853
33.74788414064733,0.6546855308781948,35.827551473808114,14.93554375643448,5.7559999364578456e-08,6.095745330114558e-08,36.268305
27.70856321133102,0.618576000078856,32.093965312373356,18.738475500738293,5.8079030501977595e-08,6.15584865149824e-08,34.5092604
19.38671768616578,0.7669082244096629,21.976079721028082,19.10568423303377,6.018625841952178e-08,6.396019617221098e-08,32.6124375
13.013480245378494,0.760645202585897,1.3782559950965882e-06,2.2992598931379407,5.299245250817788e-07,7.233442021799437,34.792674
3.757618590822218,0.8123144927521704,1.26645180332634e-06,5.336324017967874,6.030898486403816e-07,19.579639778934517,33.4701791
0.10564969824347507,0.8450494329467886,1.2417794920221093e-06,7.10630514859949,6.188935578364474e-07,23.266682673597334,32.3502257
0.0,0.8813907080305717,1.2555174137826187e-06,5.786855321377632,6.237544158413443e-07,24.043651224246446,31.7339904
0.0,0.9082915973941079,1.2676974728315349e-06,5.006140084004743,6.266918796223897e-07,24.436482507472483,31.428136
0.0,0.935115585091632,1.2693535514202847e-06,4.910711864738893,6.293709033800454e-07,25.001366840140808,31.9623108
0.0,0.9304990527584464,1.2594782908542077e-06,5.399844158882091,6.321438150982378e-07,25.809588634799915,33.2367088
0.0,0.9159438742664381,1.2488517944153556e-06,6.057020440730605,6.343303848055279e-07,26.501837743980047,34.5358818
0.0,0.9024402490780895,1.245013955009157e-06,6.310008878825231,6.353626474780903e-07,26.810000732835668,35.0593291
0.0,0.9173465571165078,1.2367060733902228e-06,7.091356871770624,6.362384778268169e-07,27.181695586741217,36.2274772
0.0,0.8098026757089877,1.2259382324536067e-06,8.143891287405761,6.367493317223284e-07,27.459112276060065,37.2812069
0.0,0.8497065527310462,1.2206660432892412e-06,9.09190058765791,6.360808189997548e-07,27.422233070650936,38.2613645
0.0,0.8790378299421385,1.2179090646002942e-06,9.807059539939964,6.340376546491761e-07,27.026720228356876,38.631291
0.3943031508089708,0.8937789909479599,1.216578167189067e-06,10.458364059258477,6.295006541401334e-07,26.0642364457095,39.0516362
6.0505287199584155,0.8480453418590704,1.263479992722955e-06,5.3153368760200435,6.109699533480994e-07,21.2670898709139,39.3695691
17.107446357253924,0.7839049464937468,1.4014939733678216e-06,1.8667572239059267,5.028728003502509e-07,5.2793171327463835,39.8795677
27.18201547054714,1.0541959491715889,29.520563027788178,21.106463037419925,5.7865329123694674e-08,6.132981595958561e-08,40.1322574
34.06702258235693,1.248950642826361,34.97131262067236,16.42906483146597,5.7034682839311334e-08,6.037463301797219e-08,39.670284
38.64772102742748,1.3897334188298378,37.695175230196774,13.317820274993075,5.67956201692855e-08,6.010452122473918e-08,38.5844993
40.73181841379812,1.5233666727604596,38.46814994015216,12.474769209491384,5.67200422498536e-08,6.002191816344398e-08,38.2937825
40.0974222515174,1.6645771095923731,37.88058194759889,13.179239251818741,5.6728289353313363e-08,6.003150824363994e-08,39.7201136
37.23516755357066,1.8033913278814266,36.791764785469134,14.356967442693252,5.679667390066423e-08,6.010781064421987e-08,39.8715581
31.919111938132335,1.7989627792411997,34.214339493828156,17.204883245123526,5.698805125134144e-08,6.032198711966329e-08,39.0593138
23.794792276388378,2.003854479027468,28.872850816721154,21.36765359175262,5.7539270798023876e-08,6.094396398128263e-08,37.3668065
12.790196393101613,1.2449170340771025,1.3967124229488606e-06,1.4627215095623571,4.818544254040739e-07,2.443854320770056,29.908735
3.6387950468993693,1.3000311882992035,1.2864183115481092e-06,6.073452035307169,5.660152896411967e-07,13.107839408837588,28.6353942
0.1344761505304227,1.313822225932211,1.2567930633470763e-06,8.253559212977672,5.786979814382818e-07,16.219151853728928,27.5627571
0.0,1.3040524195896022,1.2663208573359877e-06,7.010236840851937,5.860018348852143e-07,17.047277201332236,26.9125851
0.0,1.2226750003272484,1.2723522880573744e-06,6.26053955553399,5.911167788009101e-07,17.54045027413587,26.4857003
0.0,1.138570476948088,1.2725777143301429e-06,6.028200668102209,5.950085350743686e-07,17.99369588777452,26.5169753
0.0,1.039730757403709,1.2686774791692846e-06,6.075081829152092,5.980022878425219e-07,18.411625668808554,26.7509327
0.0,0.9355403049606612,1.2700979684885067e-06,5.768643678863659,5.995629483378516e-07,18.517510998110428,26.3159254
0.0,0.8182569057755587,1.263188140086257e-06,6.023983899468523,6.010781325849454e-07,18.78634710304773,26.5611777
0.0,0.7135866236433048,1.2505967200867702e-06,6.87928119439991,6.024507894086504e-07,19.164069176909866,27.5295842
0.0,0.6006409571564227,1.241401586596129e-06,7.661537994530923,6.028078715361361e-07,19.30564838990703,28.1714032
0.0,0.5302497681669751,1.234310265788441e-06,8.542363774640313,6.020713256191949e-07,19.238627611729573,28.7996141
0.0,0.5032172321731161,1.2296537741678771e-06,9.440958795171504,5.996628039895134e-07,18.844955364396583,29.2192544
0.6265309624306673,0.4553074389662065,1.2289254737133732e-06,9.913183590210295,5.936901294787702e-07,17.736887826730904,29.594078
6.97698617360256,0.396270039366299,1.2884936390693033e-06,4.593390552170933,5.700442201706212e-07,11.681470543684508,29.7067933
17.424062820420218,0.3976289339842873,14.990319345962275,13.551392508965355,6.245561297636104e-08,6.657377054323118e-08,30.2015398
26.842050963486386,0.5108826272722772,33.04676286212046,18.499741718153405,5.761135725580186e-08,6.104223859905017e-08,30.3761472
33.48779113262007,0.599999286249894,36.746242938275074,14.514276078602448,5.701253839818607e-08,6.03496250098778e-08,30.5593084
37.71786123131072,0.6734635677517145,38.10723360903633,13.028499658048405,5.6818909835484376e-08,6.012809858952898e-08,30.7865042
39.53667314647519,0.7231764344251803,38.388174055021125,12.771546140491544,5.676198524608709e-08,6.00639584068411e-08,31.4889666
38.630333342433715,0.7821348758987378,37.711976453787976,13.582830093636712,5.680437371664256e-08,6.011081470308368e-08,34.0834584
35.47349839439934,0.8550963915448448,36.538106230962136,14.869074388889443,5.693667436103293e-08,6.026106299230484e-08,34.917965
29.894188734953982,0.7760807119459815,33.862028984134206,17.801324393785915,5.728807160138404e-08,6.066549091070848e-08,34.1564899
21.279347953452266,0.883172100213676,27.212778232291672,21.641781890595812,5.8518328513736574e-08,6.207636972897967e-08,32.6271028
11.87488566950546,0.9876735591140734,1.3741070399497718e-06,2.5392215933484725,5.369759525819753e-07,8.304057009692249,34.5643539
3.8025199004155033,0.9175441542087331,1.2768996337170738e-06,5.033750618436882,6.037490997110495e-07,19.24569783789272,33.1670142
0.18655089164549532,0.9239717426125812,1.2518305853190709e-06,6.498420881292499,6.213395018255572e-07,23.14840005987873,31.9690569
0.0,0.9186464335340541,1.2684000604311048e-06,5.2275987971887705,6.273544278622895e-07,24.03123852660478,31.2628766
0.0,0.8312986013246293,1.2782630531509593e-06,4.575971708133212,6.315108274471618e-07,24.629758874475517,31.0230836
0.0,0.7642299280571593,1.277793442322441e-06,4.472712885890066,6.350936520018145e-07,25.362620398433666,31.4994151
0.0,0.7197283530039857,1.2618761297970644e-06,5.112764071710106,6.388714368176429e-07,26.50648583297838,33.1639187
0.0,0.6675233383354051,1.2509751285774145e-06,5.651384875916995,6.415800400099436e-07,27.308291775640782,34.3695671
0.0,0.6208714575932923,1.2397169169578315e-06,6.397208963038906,6.437292531992343e-07,27.992806069802715,35.6728513
0.0,0.583839377679645,1.2281255167133103e-06,7.471387711120476,6.453759577059766e-07,28.565190892639418,37.2065061
0.0,0.452345539043164,1.2181055531336251e-06,8.548821949412954,6.463646698770734e-07,28.904455327782372,38.2907065
0.0,0.42361815357207544,1.2118749758752488e-06,9.628628749860292,6.462890961183992e-07,28.958644444259818,39.3309512
0.00143002686945414,0.4101474262210096,1.2081372416930328e-06,10.55464925470993,6.44934876473731e-07,28.661994170792163,39.9084558
0.6812055188165141,0.3582992571740784,1.2077093613405401e-06,10.917595161181843,6.411914023648399e-07,27.724569631402492,40.4345777
6.800333180046904,0.32825311675841945,1.2593088484366136e-06,4.959289541304997,6.243410695840801e-07,22.631078570680323,40.5354161
16.31494567081282,0.29941158115423555,1.3686960875962782e-06,2.397729456092573,5.639546728246205e-07,8.569564193573376,41.1275067
24.804460443910255,0.2736213959696614,14.6716945810264,11.090210059389106,6.834101246985123e-08,7.337168713864588e-08,41.2536971
30.2748527847511,0.22543787794120038,23.172268691912485,9.35461155880397,6.487673506894464e-08,6.92443134579067e-08,40.7741889
33.961359037551205,0.212349547178667,29.600092535197163,7.959964512145077,6.393968932652694e-08,6.814504328736605e-08,39.6148614
35.795434817633186,0.2500615028305454,32.667221297658415,7.3203596024719175,6.356022098383951e-08,6.771386962656133e-08,39.3206039
34.49289536032852,0.30636107376242294,29.733528263969387,7.960323685090827,6.377693344508656e-08,6.795999292396594e-08,40.6621682
31.09679306865563,0.3663001593548267,24.350099558623754,9.147233137430025,6.44196687516623e-08,6.87046823431061e-08,41.2116287
25.802886598292353,0.4786026844554763,17.267899838142963,10.839319765855763,6.601950008291057e-08,7.060448075211688e-08,40.6632885
18.491949477381294,0.5764685152426557,1.4220943349971834e-06,2.0231755019540953,4.997802914502192e-07,2.4497930552174014,39.2259856
11.433605743569146,1.1641092045751964,1.4378353749231471e-06,1.9595862647818574,5.442500540275796e-07,8.125800985657781,33.432387
3.51099616384428,1.076497598158757,1.2880102000420407e-06,4.601345151783066,6.007715019026174e-07,18.6759330596851,32.0174697
0.230050320971704,1.0106990710838448,1.2606844711031544e-06,6.016065385800242,6.196724184221822e-07,22.49735498575189,31.1279691
0.0,0.952857818273056,1.2767224512118192e-06,4.9161296448602085,6.268357093098654e-07,23.495687911647565,30.5031432
0.0,0.8452585727518767,1.2855919933114895e-06,4.367609513374221,6.318431104973636e-07,24.24740035337081,30.4700118
0.0,0.7201093343940063,1.2828893970090275e-06,4.288691253987711,6.361442018154375e-07,25.126542638070386,30.9813898
0.0,0.6013422046034315,1.264094035050107e-06,4.902411390027111,6.406853046300551e-07,26.41987247037915,32.5971084
0.0,0.49121619400478733,1.2495703959539928e-06,5.542892767842674,6.443145864183309e-07,27.41363225850467,33.9594292
0.0,0.3985502061030636,1.234207547992288e-06,6.575739946224324,6.474178003398541e-07,28.32186758225108,35.6593554
0.0,0.3279170015837218,1.2229868959233745e-06,7.66247514551226,6.495155102413763e-07,28.93470560368055,37.1676244
0.0,0.24116813556010508,1.2142685971156927e-06,8.778783245137781,6.50712922218254e-07,29.28928226288435,38.4090164
0.0,0.18989818013955342,1.2090744928065088e-06,9.704769992310672,6.507502360869422e-07,29.324810149911333,39.2282414
0.00616497506988992,0.1672997982987769,1.2055423777683186e-06,10.627060438791904,6.494895692839568e-07,29.03588850846866,39.7971958
0.8144222869202115,0.16500637513220157,1.2070139261112474e-06,10.65484125255155,6.454651809531462e-07,28.02225731366255,40.2679868
6.8913184622020385,0.13229265738714288,1.2575645259971818e-06,4.8801302005822835,6.284819927072237e-07,22.860101042047905,40.3965415
16.22065366901991,0.13412076217737856,1.3619212363760947e-06,2.4854304848035818,5.699474696688938e-07,8.963746878865853,41.052463
24.822836411664877,0.13978698483805782,19.877538519272118,16.89718838212614,6.390309126597201e-08,6.815277543951736e-08,41.0809068
30.929369747840923,0.16805225271381607,30.328336358301673,16.44307135425228,6.049724478624325e-08,6.430302725528667e-08,40.5357913
35.124661973024246,0.24728666893267665,35.17403185418385,12.713886191105024,5.9661776809811e-08,6.332586750734922e-08,39.5822921
36.88210721227614,0.3589660257417169,37.46980782650794,11.065660159965356,5.9346900956880286e-08,6.296471580029616e-08,38.9976133
35.83682478989607,0.4796731770954712,35.93307221083059,12.293742004250575,5.944942342780288e-08,6.307479724253717e-08,40.2371016
32.97695745679745,0.5913913523574436,32.759535542200396,14.758454110763518,5.977061022942971e-08,6.344216187179015e-08,41.0563016
27.663359144114295,0.6475041834231794,27.36611555989159,18.281401547679984,6.061012030145067e-08,6.441535197333279e-08,40.7338716
20.5479762023083,0.6976964485925545,1.7283970927662017e-06,0.23910664333718912,5.073590965048833e-07,0.0950353123624563,39.1341622
12.017272785141964,1.188751486866798,1.3543973817122762e-06,2.7350552470970997,5.725046327699035e-07,12.189680489804545,39.3658469
4.0826760558410875,1.24145152802423,1.2712792600363675e-06,5.276922568592289,6.133818797329501e-07,22.345624249711054,37.7637074
0.30842951089987886,1.3284795917073935,1.2457946968414267e-06,7.111559561467971,6.296100717481161e-07,26.1436487635353,36.7226601
0.000816783618348514,1.3694334686316203,1.2618824407606118e-06,5.812523427746363,6.355441035672446e-07,27.04538701586085,35.8963335
0.0,1.2728902790567997,1.271344657581083e-06,5.05607708285975,6.394378863772079e-07,27.645151097883808,35.5327394
0.0,1.0863417964012672,1.2690328465022268e-06,4.840597432270569,6.426257911962562e-07,28.3485623251977,35.5925608
0.0,0.9239058971849431,1.2573766812626105e-06,5.149959454995931,6.456018526256165e-07,29.23739093215823,36.4055525
0.0,0.8004644164626044,1.2506695185899298e-06,5.319434755099964,6.477230055430846e-07,29.81830744574868,36.8648569
0.0,0.7074697929314431,1.234008377615285e-06,6.376279466706358,6.5014694624292e-07,30.695464950063684,38.5563392
0.0,0.631168414325349,1.2231918868051965e-06,7.344988774796445,6.516723294973437e-07,31.223552191997435,39.8516106
0.0,0.5105116628342238,1.2141060312920573e-06,8.36931793341146,6.525366857989512e-07,31.528298501219503,40.8746984
0.0,0.4937581669381359,1.2094031091778752e-06,9.22293748650081,6.522694441342284e-07,31.50529382997127,41.6450414
0.00875160386882709,0.4633405977224118,1.2054967537197107e-06,10.151523936670689,6.508980720847543e-07,31.181594935942044,42.171868
0.8787459129435172,0.4363310421200138,1.2075071227941591e-06,10.033957597874544,6.467986341079119e-07,30.066270063330084,42.4535396
6.826703341009557,0.4606262193359737,1.261573159424559e-06,4.592685451902774,6.298697258771124e-07,24.607585769931667,42.5098108
16.085808319486592,0.46977772213185776,1.362183920636226e-06,2.3542108928304066,5.730459628326599e-07,10.459491173085953,42.956237
24.627324826722855,0.45935841706595115,13.248363179264471,11.25964356413082,6.587858825728409e-08,7.045460074601069e-08,42.982167
30.537432175949963,0.44716047834841466,24.334280623857616,11.31565256285362,6.205597316426836e-08,6.602156733157663e-08,42.4263641
34.54704001442629,0.4571377163072827,30.78342983694718,9.309780452083197,6.121203224679029e-08,6.50415738834359e-08,41.2648349
36.21363813405484,0.5066638983957986,33.82176184189487,8.405839129089806,6.089073224941563e-08,6.467525480047232e-08,40.4531504
35.02467276626499,0.5906254038034686,31.809124669109316,9.06209988171243,6.100895435974091e-08,6.480553363635466e-08,41.1660605
31.60744615255161,0.6972419432173449,26.792542348416372,10.66397332046558,6.143511211101147e-08,6.529362240458756e-08,41.8321912
26.809699443755402,0.7980637201432024,20.42069527686877,12.590006989691517,6.24586515104497e-08,6.647849517173772e-08,41.6815479
19.39331240122383,0.950549131969405,1.4624296463745554e-06,1.5465555725344071,4.93871627793155e-07,2.087570233712315,40.8994926
8.918405474877316,0.6461756326514093,1.3070649473213107e-06,3.1331499444851847,5.992932479335471e-07,17.02191645484453,37.717525
3.4232512828110835,0.6583900949171961,1.2656841645535722e-06,4.4091866455806965,6.280581206811035e-07,24.088449868883036,36.1122554
0.3661175047344042,0.659036879333973,1.2438751470956078e-06,5.5208699571130015,6.404042285834273e-07,27.556686098136993,35.1335344
0.003971236280800956,0.5983635931760861,1.2520973480683583e-06,4.679305804508992,6.458107294496931e-07,28.444564969549443,34.4045379
0.0,0.5247556911377835,1.259736141976418e-06,4.085904123749657,6.496399646319671e-07,28.914527761228864,34.1176991
0.0,0.4473461678719109,1.260434421257108e-06,3.8846650452606557,6.529298882233067e-07,29.485342971457502,34.3124237
0.0,0.38851382832513137,1.2515433829174938e-06,4.126955038391475,6.559110346338047e-07,30.398386085358613,35.3249863
0.0,0.32841388552062006,1.2442855645500431e-06,4.345328618727583,6.579910543994538e-07,31.115369032263924,36.1152246
0.0,0.2820692797554056,1.2322818146461488e-06,4.988411423478319,6.596617539993655e-07,32.0133200378114,37.5324868
0.0,0.24659943526780742,1.2219605490554597e-06,5.7924563933710855,6.606721488331352e-07,32.736193608718004,38.9568802
0.0,0.1946634520475884,1.2154604618929386e-06,6.396063274118803,6.609807776204408e-07,33.10992326437022,39.7984389
0.0,0.17835409630323418,1.2112490788786115e-06,6.920808491023931,6.606102463769144e-07,33.224153588580094,40.3863965
0.011889082993470227,0.15870784619889655,1.207569171658963e-06,7.482642857450764,6.59495740381176e-07,33.12004247808856,40.8059355
0.7697794811404808,0.1437813936941604,1.2088316097014606e-06,7.154206138149545,6.56575483694385e-07,32.40337386564769,41.105874
5.083737497802278,0.13606780998004486,1.2388710175764035e-06,3.4915909929640305,6.469760587610511e-07,28.627306728323497,41.5475997
12.609198328345201,0.14133488032293545,1.4324292988092875e-06,1.4551201320305902,6.190404895842436e-07,17.74845207123385,42.3138984
19.50424475245754,0.16645774965607163,2.1852191251998444e-06,0.9089384519237267,5.768243552450837e-07,6.04479443246091,42.6137346
25.274595536157637,0.19881936490574345,3.933924897131173,1.2456974988502165e-06,4.69161206827076e-07,1.922809082129866e-06,42.2663396
29.65469863396576,0.23700814294998993,12.969005273350078,1.227941567657967e-06,4.5471282186507294e-07,1.7622092567741156e-06,41.2464682
32.056894836424,0.28981216250121294,18.09467718178784,1.215957768492414e-06,4.494021411873381e-07,1.7010794255126941e-06,40.5906427
30.063210914487424,0.3566326840264911,14.037961958719851,1.2252090660681008e-06,4.5174969898965913e-07,1.736094920686902e-06,41.1947578
27.54502228823478,0.41231354785894336,9.03486246044325,1.2369794334811266e-06,4.5808241243487047e-07,1.8152950699211973e-06,41.7701996
22.78961603839242,0.37121699017849646,0.6630569684239446,9.703805148858032e-07,4.4163924794105445e-07,1.9970010084746065e-06,41.4408703
16.617734450496766,0.4370385473979423,1.947975814592024e-06,0.9928807991766722,5.796184118140764e-07,8.18430510494164,40.2402767
10.793542739692626,0.7520303861850585,1.4460525034625158e-06,1.4419326622717812,6.073648238346343e-07,17.18710466072139,39.873107
3.991227896124672,0.8219958049628313,1.2592733844852582e-06,2.973404073413593,6.300313898645451e-07,26.263323281746462,38.2952647
0.45553431397919597,0.8449318332673204,1.2325640665570499e-06,4.967265566917786,6.395309776273375e-07,29.62363694786488,37.2545129
0.006363161574737244,0.8277875048728204,1.2392630602191998e-06,4.543185842945303,6.43223263007183e-07,29.970464034280308,36.3351787
0.0,0.8009155496851096,1.247287785938056e-06,4.094989404830016,6.455150721731681e-07,30.016806027786423,35.8705696
0.0,0.7823361713026994,1.2547755586194397e-06,3.77998366447228,6.47129375147242e-07,29.987271772646206,35.4907304
0.0,0.7487434660225268,1.2559035259741231e-06,3.7570761105251655,6.486404396337589e-07,30.189160411295493,35.5922222
0.0,0.6904179610271823,1.255559644543286e-06,3.7591702886779075,6.498496971072765e-07,30.344241084392277,35.6138092
0.0,0.6208523634696199,1.2446475829669592e-06,4.261312100532777,6.513502002989603e-07,30.966352878388307,36.5638543
0.0,0.5414943329776156,1.2287145073439625e-06,5.3652527622731006,6.528705739103878e-07,31.78907482440229,38.278508
0.0,0.3678481598739689,1.2172885629123417e-06,6.3919818655796385,6.537414541234426e-07,32.195122512856514,39.2821015
0.0,0.32941374538176077,1.2125552255093418e-06,7.149962794753444,6.533258247669702e-07,32.14177243167099,39.8784698
0.00875057540192228,0.3029797720210092,1.2088494696399937e-06,7.990177389049759,6.517877274512475e-07,31.774008368099445,40.2843238
0.7454641049638618,0.2666027078936085,1.2096284837434998e-06,8.16560657343445,6.477008969503508e-07,30.63086283460738,40.5608854
6.075501218798687,0.24939843810276233,1.2528260750810491e-06,3.900212161518861,6.321674458629261e-07,25.15889620420976,40.5356982
14.893851297178895,0.28334278151631,1.3546914260028381e-06,1.7084337274463164,5.799025540191637e-07,11.269253486497796,40.5461046
22.893034020079455,0.3401567162979556,1.7058271803518803,1.451000281458547e-06,3.3621687806601206e-07,1.0529077143985291e-06,40.513073
28.68553351025621,0.3907768026112239,12.255238925617313,1.356938797636231e-06,3.3651230983427584e-07,9.849478366647552e-07,40.5637053
32.46088642754642,0.4403175457656787,19.913948780344956,1.3236337243814078e-06,3.362222294697804e-07,9.735219952034244e-07,39.852196
34.279552433502374,0.4893338251966106,23.468394480913254,1.3093085853687802e-06,3.361295912347281e-07,9.692271084621099e-07,39.7028077
33.62688979455704,0.5597926562524322,21.1191123024231,1.3173948312994607e-06,3.3616946107978164e-07,9.709248511011268e-07,41.0347276
30.387552043648647,0.6263976142981269,14.54602489061651,1.343652371108592e-06,3.3633031223199366e-07,9.784987505339833e-07,41.9005127
25.186810829307788,0.5463109168879456,5.713251392112519,1.406062582171164e-06,3.3681648683755606e-07,1.003047417489273e-06,41.1356454
18.527131811117766,0.6041128260744796,1.4529119391139241e-06,1.0966491744073465,5.048290753140745e-07,3.3344417030724887,39.3351781
11.19982009066026,0.5701322458396602,1.3304537733857125e-06,2.2348353935291643,5.982715234162773e-07,16.196126955496567,39.9677398
4.310361813858937,0.6442016684364208,1.2626501326302653e-06,4.311627949252238,6.310859886097495e-07,25.07759165735168,38.578669
0.5211334225204423,0.7214006201143358,1.2351134992014102e-06,6.278966489295742,6.440402608033081e-07,28.930857677882365,37.6722946
0.007456891890010675,0.7655085543845501,1.245922385292383e-06,5.335034367675957,6.487271735654648e-07,29.751700477667637,36.7457243
0.0,0.7492890582175831,1.2583772873177438e-06,4.513541959255693,6.516998392468505e-07,30.049249873361866,36.1911337
0.0,0.6721862018354982,1.2613681415730835e-06,4.230204489808353,6.545512569820238e-07,30.505105191888994,36.1915651
0.0,0.5747703599501525,1.2539194049437597e-06,4.402901720740815,6.574138908972869e-07,31.261595626526617,36.8900626
0.0,0.49529768732244506,1.2480355409954453e-06,4.553444826985496,6.594748641649141e-07,31.845243501460903,37.4358132
0.0,0.4259128150373487,1.235096332603116e-06,5.221207217705512,6.613396226205444e-07,32.68147226334769,38.7618753
0.0,0.3842328694109631,1.2225715050313083e-06,6.219253321105275,6.626110512680505e-07,33.427762620155015,40.3844057
0.0,0.32044281307100564,1.2138998337422093e-06,7.121743313836034,6.631667506637567e-07,33.85000226805036,41.5383392
0.0,0.2823942612980603,1.2083999867306387e-06,7.897117518627599,6.629755203347082e-07,33.96766578301517,42.3235762
0.006964095608921112,0.26282311069288,1.2039284621777443e-06,8.762423029253059,6.619628310790673e-07,33.82853500997242,42.9952419
0.7690645965833046,0.2557997568842332,1.2049656619278572e-06,8.607489811327346,6.588718335369371e-07,33.03407041498754,43.4125342
5.771495296223704,0.23964244653000222,1.239339244014248e-06,4.015772568472313,6.469124529764378e-07,29.02723897913455,43.9438964
14.161001686696675,0.23991790165285934,1.3995702666397467e-06,1.4959616196903602,6.124682662218991e-07,16.84456839868783,44.4871459
22.138125002157857,0.24827007711111643,2.252196049180822e-06,0.8223742972537955,5.515622504432453e-07,3.1883437916003303,44.6294069
27.64559042550253,0.27641907205601146,6.318792159845768,1.259105266793174e-06,4.3759684462211493e-07,1.5078428605807197e-06,44.3524745
31.937831480085606,0.32584323270492854,15.234847841830266,1.2337564407762143e-06,4.293393197788712e-07,1.3392962657800637e-06,43.3187365
32.93390332373406,0.38711625898530977,18.21698153005372,1.226183886088196e-06,4.2730742080582426e-07,1.301746181524741e-06,42.2815321
32.13255549667009,0.46330617412423347,16.668553914426358,1.2294066408454784e-06,4.276735158367308e-07,1.311164849634713e-06,42.5568466
29.37249958793575,0.5488045132502875,11.097970810650393,1.243767904904329e-06,4.3053334652909716e-07,1.3727845964362343e-06,43.3313653
25.10478786610609,0.5927250000551042,3.7731247158978802,1.2550299672313791e-06,4.3809620441123437e-07,1.5661465816326434e-06,43.0351955
18.3369700038266,0.6598822946012632,1.7749773156680798e-06,1.0254026405933312,5.57254561995961e-07,6.078008397296952,41.7947481
10.545188482017993,0.630539557599096,1.3646991574749357e-06,1.6413310982171794,5.983481862290063e-07,15.748376912569313,37.8970401
3.8474614409949344,0.6333289857316188,1.2493413656287406e-06,3.8735886661681986,6.234506364308435e-07,24.370287521552196,36.5813218
0.528215607026921,0.6382110502137205,1.2296973892345343e-06,6.091312618429818,6.33519171771547e-07,27.06465926416643,35.4426359
0.007660669436002656,0.6016331771568468,1.2337464514085113e-06,5.703784596017952,6.376167731983924e-07,27.521988557876586,34.4951027
0.0,0.5301391283895636,1.2386659989863684e-06,5.200676908778059,6.400725068483158e-07,27.649915473791673,33.9525002
0.0,0.49431738594698843,1.244683205738793e-06,4.758087527253835,6.415438143120017e-07,27.59427438575564,33.3820927
0.0,0.463090643813365,1.2506305697768946e-06,4.405830683831056,6.424095595330915e-07,27.436526515105886,32.8083304
0.0,0.4201195838383447,1.259220795076556e-06,3.9765989979547234,6.426289106788796e-07,27.04187380113306,31.8953216
0.0,0.3702876801744221,1.252205622222713e-06,4.3128754875941935,6.435412714995148e-07,27.357674574177622,32.4231937
0.0,0.30717859414029486,1.2424582305725537e-06,4.884603669648714,6.442694658940609e-07,27.716222962724373,33.1925256
0.0,0.22104238745371274,1.2307932111138651e-06,5.807239971488838,6.447204911150445e-07,28.056667738553692,34.2323794
0.0,0.17094326556452188,1.2250952686988235e-06,6.480823258148867,6.439888160335926e-07,27.945606343185112,34.6616425
0.004259138765816353,0.14017106750294236,1.2199689051648872e-06,7.3460952561606865,6.421335493474197e-07,27.55813442101555,35.0540106
0.7112077217014321,0.10557054739811886,1.218049552568904e-06,7.991575819590286,6.377996424454126e-07,26.47711112394837,35.8012586
5.857247118078918,0.08891355035056178,1.2606316097444224e-06,4.336427807378958,6.216530791171314e-07,21.236541344903824,36.2707582
14.207807959277755,0.08033629751960006,1.3566756556024305e-06,2.5118048646377655,5.673913906677719e-07,8.395758170746971,36.7426538
22.52972811451658,0.08346123826182912,12.44300433778437,9.08360824968574,7.102473224123526e-08,7.645256220377434e-08,37.0568372
28.58568471341348,0.10389842401886769,21.8798525441998,7.346563612953988,6.673619383016588e-08,7.130547738302118e-08,36.8880205
32.41976818681296,0.13775703183194188,28.364518465668745,6.4420655407897005,6.572316666937994e-08,7.012795401707859e-08,36.5321524
34.176592321235475,0.19088311960700804,30.931134047948454,6.092733279711432,6.537268748215309e-08,6.972909963396926e-08,36.9252834
33.25863718751351,0.26306273807528524,28.06669387825385,6.482599844750029,6.558613613411956e-08,6.997451528804105e-08,38.6795033
30.473890923330902,0.35165282711596874,22.142268810585172,7.32534701410194,6.631782261839816e-08,7.082315090924012e-08,40.5990314
25.095654665845846,0.4172560512681182,14.323920049107855,8.815509782068752,6.839244500014349e-08,7.328030866134055e-08,40.3160817
18.508170892924245,0.5409239913929585,1.4395680183804198e-06,1.6062390280778729,5.088082042561137e-07,2.4946168557767217,38.8110539
9.748579004816172,0.7812084736853558,1.3144318490009185e-06,3.090344182260183,6.051548837466056e-07,18.19844422848322,40.6684295
3.7254801738758663,0.7606330407236852,1.2600100100207005e-06,4.808384282143444,6.34143592077548e-07,25.8793015650317,39.0768441
0.4832180985710384,0.7300451888526395,1.2358188541564928e-06,6.2314262639736855,6.460913133682106e-07,29.388362923270847,38.0349226
0.005715808584993836,0.6968167866268998,1.2446567233832044e-06,5.2693072579245275,6.510106304781985e-07,30.24831854969636,37.0154833
0.0,0.6786634880308388,1.2536313087216407e-06,4.598368588706464,6.542558957000877e-07,30.68270581584964,36.7431775
0.0,0.6086499193349458,1.2585197704792729e-06,4.205273998216287,6.568781206791536e-07,31.039054802049147,36.5535633
0.0,0.5386151945269237,1.2537843657136379e-06,4.274766084331965,6.593215411956308e-07,31.688414631216233,37.1079328
0.0,0.48823774289289845,1.249291557106437e-06,4.3735725816234865,6.61028866824941e-07,32.22625188064479,37.6250404
0.0,0.4393117376482926,1.23568364829246e-06,5.064809292880258,6.626541953574679e-07,33.12308332391707,39.0821345
0.0,0.3863817377889137,1.2233813950306551e-06,5.963975040978121,6.637108646056131e-07,33.8716889508998,40.5844292
0.0,0.29306124268790856,1.2141132191463785e-06,6.816861946157175,6.641839508043779e-07,34.33680347889693,41.6642524
0.0,0.2763697170079086,1.2090367173764344e-06,7.518433400463703,6.639172273051421e-07,34.463999598595905,42.4366933
0.001289241064535548,0.24952156590141766,1.203560626845161e-06,8.501995838875958,6.630546996869832e-07,34.41334056796194,43.2849516
0.5526999521996693,0.2153444720857336,1.2027331788941146e-06,8.65660637133283,6.605142055761639e-07,33.76395868646525,43.7047571
5.371745632607791,0.2198620953104228,1.2330302131530264e-06,4.096034401819759,6.499000216337974e-07,29.970613517395126,44.1961529
13.728891864790432,0.2289527666827715,1.3799028953549667e-06,1.476125925943396,6.16326639241705e-07,17.79810826933452,44.6138966
21.98907775398366,0.24153473831211986,2.1788774831917002e-06,0.8312853019690457,5.555467470251351e-07,3.870608021294712,45.0349842
27.98636614579803,0.25921653809459005,6.854775565998079,1.2566724281963047e-06,4.3841069257203686e-07,1.5547570990095154e-06,44.3932021
32.46309787897816,0.2861351340238828,15.794887227696305,1.232129323328521e-06,4.298014160174856e-07,1.371455045469448e-06,43.6169743
34.38465390556103,0.33055652923636597,20.266183535536538,1.2212869813874748e-06,4.273006810443582e-07,1.3216003608079072e-06,42.7262531
32.93244126141914,0.37923350929594846,17.59913399057022,1.2273412763800881e-06,4.2818987910905794e-07,1.3423628465791075e-06,42.8784161
29.463300142935278,0.45406130692339763,10.625102944673511,1.2450901126448662e-06,4.3234545676588837e-07,1.4366462320302773e-06,43.7483886
24.268111165287767,0.5111203419254436,1.4023056213973981,1.1747747536572901e-06,4.3650643754833745e-07,1.7690977222872066e-06,43.7022891
16.847609248337154,0.6411623914291157,1.550465546372469e-06,1.1036626302653874,5.753411782266238e-07,9.725611893250713,42.7799282
10.442962147523723,0.5751300193844681,1.4029291021848212e-06,1.3489886331213632,6.020776343143247e-07,15.636649589029929,37.1865252
3.567672538468327,0.6106663118646957,1.2467200473365601e-06,2.6823237937915474,6.273449854582412e-07,25.341483019708114,35.8320502
0.38039792251584587,0.656420956750258,1.234676870663299e-06,3.9278587802850145,6.375419305770233e-07,28.730015709570157,34.7734419
0.0025887560703014316,0.6713950948111025,1.2458030423801963e-06,3.440931061562012,6.422353377824769e-07,29.022312887641103,33.9420776
0.0,0.6343295974169689,1.254073213809348e-06,3.1447943004623284,6.456818244629403e-07,29.245463855084182,33.7856785
0.0,0.5811155351531585,1.2583782566790866e-06,3.009067188242702,6.485656557976389e-07,29.56108163344332,33.8453047
0.0,0.5398543169146034,1.2498496398884995e-06,3.3081724197124114,6.515165345433203e-07,30.556485013356653,35.0364538
0.0,0.49939671583416434,1.2420756143186447e-06,3.638242646722408,6.538388374402084e-07,31.399482496517646,36.1072553
0.0,0.4495050753143054,1.2301448044608346e-06,4.334677779798884,6.558466019521142e-07,32.428325701365765,37.6991857
0.0,0.4129504866954479,1.2187896904447524e-06,5.369688441182304,6.572666768552631e-07,33.340236425671115,39.5352871
0.0,0.3426263759042171,1.2109683717883946e-06,6.300466644302522,6.57941563875212e-07,33.843692758121406,40.7828346
0.0,0.3366211358062669,1.2071252178832427e-06,6.978570103345477,6.576434482812318e-07,33.95774532407027,41.5440832
0.00017656341010691696,0.33143292408358094,1.2028464720282375e-06,7.943648557443561,6.565075593170489e-07,33.90552135952912,42.421074
0.4724086523098009,0.3131918831797815,1.2019111513678427e-06,8.234732269370548,6.533323125258448e-07,33.29594562226054,42.907493
5.179289426430151,0.3233993175497215,1.225517485964305e-06,3.7881400164637955,6.422503412242641e-07,29.420897133075314,43.238558
13.518574016880372,0.30865885861503695,1.3538924400685692e-06,1.3816944479649864,6.105512099438003e-07,16.98829414978449,43.5166287
21.90089131578709,0.2969689319383224,2.470676206135755e-06,0.7507185901003646,5.479630977850237e-07,2.7039666881297224,43.7590199
28.339401657079794,0.2913916732997219,8.816499967496574,1.2557144139595405e-06,4.2989889491908016e-07,1.4188290817958266e-06,43.1451172
32.01612232802284,0.30516688945561565,16.6449556228564,1.2343953060420506e-06,4.2408319901463957e-07,1.2752657529761724e-06,42.0022607
33.940121701748936,0.3489156341816453,20.976424659253293,1.2233617322678478e-06,4.2223163563234243e-07,1.2329944575897952e-06,41.2542253
32.73546591177497,0.4062399636234824,18.117260951023084,1.2298575555180445e-06,4.231748336730223e-07,1.25677691859914e-06,42.066589
28.374592878978262,0.4704601850298685,9.438434505721592,1.2534694211089239e-06,4.2744443651887784e-07,1.374447011252656e-06,43.0029819
23.976961728262737,0.4459788484002814,1.5929809997249793,1.196387845977371e-06,4.317872021047411e-07,1.738374681132877e-06,42.8333599
17.05931077914633,0.5691623483845137,1.6618846816695107e-06,0.9923148298900881,5.737636243616914e-07,8.590471472866112,41.7520178
9.605200310365872,0.5459068887690339,1.2839593406717105e-06,1.6628409000042745,6.185871781156434e-07,21.08634491391891,41.3582603
3.0466740047573646,0.6593509870661867,1.232607920031388e-06,3.4720873570634447,6.384697138899671e-07,29.256729152719853,39.6876216
0.2802574699932891,0.7678720409337034,1.227578340578429e-06,4.564818751205248,6.468361107479683e-07,31.72237567115534,38.4646059
3.561188754797145e-05,0.797612531639505,1.2383350600784674e-06,3.9012691677070204,6.509984256068676e-07,31.96620927847042,37.6234846
0.0,0.7853507265609995,1.248859377992058e-06,3.408336575008479,6.539255229846252e-07,31.994862916291414,37.1429708
0.0,0.7478048466657413,1.2534468502342908e-06,3.2290610988520907,6.564514519803682e-07,32.25525387989537,37.1413199
0.0,0.668542436051317,1.2491093953630306e-06,3.328505102266777,6.5886258753032e-07,32.88096437912092,37.6798001
0.0,0.5872170916717063,1.2433747229103847e-06,3.4825047486902703,6.60735559332089e-07,33.48655302471572,38.2465564
0.0,0.520265117000277,1.2300494393250999e-06,4.137634108974011,6.623171593869897e-07,34.546453878350256,39.7896269
0.0,0.4744492371384787,1.221292713405852e-06,4.761797639907001,6.631622089511591e-07,35.25152043858394,40.996787
0.0,0.3968361408835395,1.2126583696450765e-06,5.557880639917449,6.635883537254705e-07,35.82556277420189,42.1666547
0.0,0.35601123497994897,1.2069108778541222e-06,6.315536883455353,6.634301780253737e-07,36.095544430481446,43.0804832
0.0,0.3019375280700606,1.2015890621829045e-06,7.228765803200422,6.627092274366669e-07,36.15954559460393,43.9092273
0.3661218539625279,0.22278767549040582,1.1994872080853111e-06,7.564667179539853,6.607509693014221e-07,35.697946271158195,44.2537587
4.525257216004009,0.2170296473543856,1.221094427883568e-06,3.6357755605360276,6.534616933231737e-07,32.10176699855485,44.3401217
12.59589936381078,0.21847715772294385,1.411028286343049e-06,1.381857680882145,6.266823980704275e-07,20.23342205223913,44.8826325
21.159281409183162,0.22676318370700754,2.4044128241978086e-06,0.8224334350429713,5.71386499881928e-07,5.576711496649114,45.1964876
26.93877874067941,0.22053758725013856,4.897330510175915,1.2533844337469544e-06,4.654584606882957e-07,1.8978088696782817e-06,44.3649965
31.094985368216484,0.2101516775522415,13.665759186936826,1.2285518037365684e-06,4.515113343790175e-07,1.8434601355201857e-06,43.0937252
32.87539275468032,0.22732751069798898,18.52852400090587,1.2174249203580905e-06,4.469056544646547e-07,1.7948494182498955e-06,41.4927928
32.350657658900666,0.27900312503261254,16.527122587693157,1.221701736609439e-06,4.480089641060491e-07,1.8127353341266798e-06,42.6646884
28.881992468258986,0.35760554455352184,9.836239867379145,1.238015894090933e-06,4.546492156124898e-07,1.8856657358355693e-06,43.2611452
23.775172609349724,0.5147230393121834,1.1196976317173255,1.0890851315691784e-06,4.539482069895609e-07,2.5408033677721852e-06,43.1012219
16.66814209551272,0.5975924758306711,1.9587489923908115e-06,0.9648184645057855,5.84808941766205e-07,9.889040125701932,42.3819629
9.615967936996508,0.9179545451928292,1.37933006413915e-06,1.4979310669990455,6.190703816724942e-07,21.09899804096431,42.0941679
3.045008816989737,0.945483390199191,1.241778523084509e-06,3.157293831012098,6.402085518141903e-07,29.86190080908436,40.6477642
0.1849578790020217,0.9349569170147224,1.2292742086638983e-06,4.387141280988367,6.480509788492183e-07,32.50853491897953,39.2933385
0.0,0.9414937410537086,1.2400725432165127e-06,3.7909115944926777,6.519195082957814e-07,32.66968763580737,38.5536478
0.0,0.9102711007845221,1.251204418045287e-06,3.3274416387730033,6.548064487440715e-07,32.61570412097519,37.9752266
0.0,0.8335790168267573,1.2532490701194831e-06,3.2446603024604364,6.576085005206459e-07,32.95527796507941,38.0558733
0.0,0.7242115305180199,1.2489870326003935e-06,3.345820019904611,6.601776001980994e-07,33.51189064170268,38.456971
0.0,0.6152420190376843,1.2421768122235971e-06,3.556978692918832,6.621947629003537e-07,34.1309342297016,39.0286734
0.0,0.5387272052778938,1.2314839578841577e-06,4.085810581455853,6.636504293456324e-07,34.972068831730425,40.2076157
0.0,0.4431701658286298,1.2186348418755963e-06,5.021923866067374,6.646410081248625e-07,35.885830767216206,41.8120348
0.0,0.3110768966443289,1.2106408018861466e-06,5.741837962720423,6.650321163339353e-07,36.34240038636095,42.6635653
0.0,0.27611826497856207,1.2048934621248013e-06,6.631016328801307,6.648748646993921e-07,36.56870525686782,43.675583
0.0,0.24007909055211815,1.2004677970075896e-06,7.54445131764484,6.64142659970572e-07,36.48931706305482,44.4030469
0.34876874409345165,0.20007094767407085,1.197819451810087e-06,8.290381490599104,6.622578379727477e-07,35.93522924478532,45.1144214
4.938205057152513,0.1829881693586006,1.2202086872351408e-06,4.045405152973768,6.541049513455596e-07,32.10319904478083,45.4091301
14.02922746034794,0.18875216786334295,1.357527717970232e-06,1.4047393562177302,6.198708215137789e-07,18.681880369811847,45.8781528
23.19981927845279,0.21598536905557617,2.432530362087529e-06,0.7634124034795321,5.491391941189003e-07,2.97755761147123,46.2074085
29.498962684319874,0.24334561748296837,8.155209196878424,1.257989695253009e-06,4.31737602674609e-07,1.4360636164716532e-06,45.7931628
32.96641868729934,0.2837950701157255,15.816249985616931,1.2362881904372552e-06,4.2539241369822656e-07,1.2805952204265957e-06,44.5010097
34.718184530286955,0.3435490024121942,20.566957576753293,1.22432344652416e-06,4.2327816189422223e-07,1.2336411618640558e-06,43.0592453
34.281564130017514,0.42653184276768685,18.31583741706004,1.229042219961026e-06,4.239313441957711e-07,1.2487568837783087e-06,44.7130677
30.955546603338075,0.516800744211838,11.780036986651895,1.2453921451616553e-06,4.271320732595122e-07,1.3257895633333913e-06,45.4396953
25.31891029972541,0.517623792708897,2.088965583846661,1.229750144175503e-06,4.333307180282254e-07,1.646623887669687e-06,44.9323235
18.879353448979092,0.6300171392796723,1.7276582002207615e-06,0.9893101539791641,5.651882106181176e-07,7.238531035960417,43.8322065
9.06845857515616,0.514582298925798,1.2905663687595672e-06,1.8827847642512399,6.182687218234291e-07,20.874221551347578,40.3164745
2.4453123622465878,0.5633226091187884,1.234363941558176e-06,4.423656108795594,6.392265582605035e-07,28.572463040834474,38.6197305
0.08487444825586614,0.5485638852783093,1.2253157791030379e-06,5.6985360529805975,6.481965506325156e-07,30.607451545977018,37.5918573
0.0,0.5484972990827002,1.2365013851051521e-06,4.786793109028276,6.520481654446161e-07,30.720354759584872,36.6620631
0.0,0.5312072771070231,1.2444966997027833e-06,4.324137571604769,6.546748138694563e-07,30.82210267861501,36.2725437
0.0,0.4903906965509284,1.2517480309795646e-06,3.961480789535191,6.565070130125492e-07,30.81975469958254,35.8217567
0.0,0.43887422018334515,1.25216470069709e-06,3.933567199322705,6.581334364872987e-07,31.074279779400406,35.9293532
0.0,0.3849444765533284,1.2487563064854434e-06,4.07033268588821,6.594507207171027e-07,31.429685652111843,36.2927847
0.0,0.3100085931395321,1.2390206609442676e-06,4.545682501600102,6.606720582465663e-07,32.01818899345096,37.1706198
0.0,0.25392805734608764,1.2273177390485748e-06,5.383891443536543,6.615739313047829e-07,32.64866405182651,38.4880299
0.0,0.24071306078861923,1.2196292159816374e-06,6.215805770803646,6.618406284244587e-07,32.95622218696848,39.5759958
0.0,0.2023917129181458,1.2128003288245982e-06,7.149069527427452,6.616372572165235e-07,33.034728505024084,40.475384
0.0,0.15537296407429724,1.2074537243587743e-06,8.13498768232029,6.606679128453122e-07,32.7842302120169,41.0768948
0.41608170882709644,0.10874012770278414,1.2067677919310044e-06,8.471079534330501,6.577203657623968e-07,31.811135161475892,41.0760885
5.3228336075110025,0.06532930031830719,1.2417064657366147e-06,4.222398245422864,6.439323679412488e-07,27.142446717889563,41.0435772
14.625385919189512,0.046536077701380484,1.3136948315211152e-06,1.5058907118116471,5.934506957457014e-07,12.668678361690603,40.7119348
23.294167346026203,0.05092924637880947,1.6643998538371843,1.3466780733420469e-06,3.9708023817712017e-07,7.112727397167679e-07,40.6083118
29.979992602525027,0.06836086559934619,14.181395143940355,1.2767402098567165e-06,3.7952050702031544e-07,7.944157810083261e-07,40.2308478
33.17777659851748,0.11292003812633059,20.293400606949664,1.2577819699673908e-06,3.760600590888439e-07,8.035945892444822e-07,40.0092675
34.8127395731433,0.16772985833094092,23.268270768646627,1.2491136919280926e-06,3.7507066455020874e-07,8.067716143288465e-07,40.1204789
33.21296251824251,0.229077199117555,18.460028419292488,1.2623249979331905e-06,3.7639261199002565e-07,8.025886336854186e-07,42.1762374
29.754705012454668,0.311273393640836,12.436560548342412,1.2815638914270127e-06,3.798478451944293e-07,7.928549481637332e-07,42.1324647
23.68096448727829,0.3348287260816226,2.584837337158028,1.3400726168418682e-06,3.9316587618229524e-07,7.438035707673493e-07,41.0475622
16.800160060096815,0.40830985176260637,1.3195233622707065e-06,1.2103648067021047,5.507291858078468e-07,6.792732034863944,39.3241191
7.671205170765257,0.5204496953718166,1.2887881843585016e-06,2.6521379057428813,6.14509926415236e-07,20.566164105718194,38.243627
1.956476451293536,0.5406958569703434,1.2441609971925348e-06,5.122973810312756,6.375690234837687e-07,26.94218953046268,36.7340888
0.03815556940621669,0.5387431428455103,1.2377648282047462e-06,5.6277482371856,6.464475095167612e-07,28.95418796299423,35.7622094
0.0,0.514223137022209,1.2508987019910567e-06,4.631305057185188,6.503802022606039e-07,29.316715854093594,35.0271778
0.0,0.491588258538559,1.26207288481767e-06,4.040895403045713,6.530942768611854e-07,29.511230697503894,34.5934448
0.0,0.4757409153552705,1.2621838621414838e-06,3.995187282712364,6.556662175225628e-07,30.065578412464642,35.0664014
0.0,0.45587031206184175,1.2531979756093622e-06,4.337583634459588,6.580958808221746e-07,30.910362619663488,36.1988472
0.0,0.42998873048274655,1.2434050925791686e-06,4.803567050516199,6.599590825706212e-07,31.68170871524738,37.3643841
0.0,0.38492520000172287,1.237804553329345e-06,5.066330854093491,6.610480962109488e-07,32.125317519954514,37.95947
0.0,0.33818231536155124,1.2257639767488059e-06,5.9522293194753875,6.620769708090147e-07,32.792270868493254,39.3815543
0.0,0.3562839647400468,1.221678132476046e-06,6.398057842714627,6.621229038364229e-07,32.96409314802057,40.0301236
0.0,0.28950991811277493,1.2135611114294548e-06,7.306838542221372,6.620237030000404e-07,33.16291288760381,40.9598365
0.0,0.24521021338795843,1.2091208655962671e-06,7.96993113715206,6.609636565787752e-07,32.98609566291098,41.3265919
0.32828123030757983,0.21406576836467406,1.2066335457275956e-06,8.462160406605218,6.582693137465463e-07,32.38284765643097,41.7249698
4.437760986774023,0.1814643598890214,1.2327379945639855e-06,4.674449884287021,6.477863236800713e-07,29.110857684782566,42.1209362
12.949360716846574,0.19184078886251246,1.3720682530664278e-06,1.6120701129494202,6.148433621487444e-07,17.402415782996172,42.8538288
21.34471516710297,0.18398422587374058,2.192293102128864e-06,0.8298890517922747,5.567733571927379e-07,3.033143088099747,42.8963506
28.223172457227744,0.17333747187199808,8.992514472357422,1.248443747095169e-06,4.3991369716247176e-07,1.4479915178090865e-06,42.4844365
31.504560028003045,0.17664532702189142,15.964342383964032,1.2306411806396424e-06,4.325528780629125e-07,1.3288738571853111e-06,41.4584682
34.13696113536282,0.19721589523867747,21.290295152504054,1.2181658083756052e-06,4.298196590250859e-07,1.286816312104116e-06,40.9440495
32.078397000460264,0.24049277629524982,15.88666697308671,1.2308022766839108e-06,4.3193904997772873e-07,1.32079348230052e-06,42.7229567
28.44739033496394,0.28581046205590255,9.354088105364152,1.248059018171038e-06,4.3718261422654543e-07,1.409011543414361e-06,42.7899816
23.272030832914677,0.31454200467261983,0.8988450158948278,1.111362941851951e-06,4.355150283542563e-07,1.5654587817208119e-06,41.9463853
15.975017397267521,0.39793326800177803,1.5308310597163848e-06,1.2304877774591798,5.781498727213554e-07,9.353293232960178,40.3869652
6.454912844695404,0.5658911833616654,1.278439859382353e-06,2.44383675927192,6.109517515345355e-07,20.153813829108014,35.5327119
1.0746398624338283,0.5919215984936362,1.2332662370106232e-06,5.514048314794263,6.264037628545774e-07,25.51455143689318,34.2109673
0.014157861250512634,0.6160472117097688,1.2350638343560428e-06,5.5794096893221035,6.320123668725522e-07,26.334740726105938,33.231842
0.0,0.569800309923068,1.243323480492259e-06,4.847015179686641,6.348402900655855e-07,26.388559406806355,32.4384877
0.0,0.49769937870330055,1.248260734613217e-06,4.454643536780949,6.368744978383896e-07,26.43816678591502,31.9379862
0.0,0.44099181046293495,1.2548485599237355e-06,4.054660884064975,6.380933592413074e-07,26.289307650949176,31.2673682
0.0,0.3950349690899836,1.2554537859360293e-06,4.012507433179949,6.392211876997062e-07,26.385041040700205,31.2152085
0.0,0.34190142941025314,1.2579732635114836e-06,3.8700451052354894,6.397604470027228e-07,26.27471033840807,30.8425065
0.0,0.2874302673151665,1.2555645423487519e-06,3.9536307946348828,6.40228166633868e-07,26.341353951271802,30.8640673
0.0,0.2274319092288382,1.2447308399978064e-06,4.51462048654812,6.408991597422836e-07,26.783804326939176,31.7140598
0.0,0.16959940743072263,1.235369738361998e-06,5.183173342505671,6.409914983955077e-07,27.057147651524755,32.5048523
0.0,0.15613861410983615,1.2296516193520296e-06,5.799286405024632,6.40090782072494e-07,27.018441299910457,33.0355763
0.0,0.14152047034028634,1.2232186735335269e-06,6.697222761772281,6.38223182169818e-07,26.801710961639806,33.6603646
0.3973267667315837,0.12663887852275388,1.2190976196352875e-06,7.5276672492176075,6.340440362448776e-07,26.048729798695568,34.4015089
4.712259177402431,0.12221255218644038,1.250751137611219e-06,4.002087322374217,6.19179178841133e-07,21.778739260518492,34.4923227
13.233461685711324,0.11611929337479246,1.3353067996231396e-06,1.5126524724097405,5.719186583730222e-07,9.176018313964617,34.8686634
21.777890729362475,0.11752831697756978,4.660290748048026,1.310697877709873e-06,4.0608949933066434e-07,9.159757068210563e-07,35.0232479
27.351003783686792,0.12686789191631975,14.791372614268528,1.2645004935712144e-06,3.947459247864177e-07,8.901785939631717e-07,34.9992701
31.336534501664644,0.12953334644795164,22.013273342637692,1.2434042877408891e-06,3.913704736096588e-07,8.869099154774365e-07,34.9959911
31.620809878842635,0.1406924244234821,21.087645064168484,1.2461013950719513e-06,3.912893709765999e-07,8.868455285709796e-07,36.4619904
30.07522562215006,0.15871567954378474,15.521016249953991,1.2624617237768784e-06,3.9330902054818274e-07,8.882751655349576e-07,39.27353
27.501447738460154,0.18503598371781024,10.421411703407756,1.2799514140134278e-06,3.9754465074228116e-07,8.94079149683617e-07,39.7766521
22.425168868274124,0.1781031805014488,2.1077738277202203,1.3137390265428998e-06,4.1048976778694694e-07,9.205596023498462e-07,38.8878762
14.974294270487238,0.2359147362559643,1.3632615790868901e-06,1.3648334312523507,5.656760914833892e-07,8.032831652231568,37.0100341
6.079671142517915,0.34118806432598625,1.2756425908130314e-06,3.2014261012029777,6.178952957103805e-07,20.845427163567315,35.7617575
0.9349600013729324,0.38570814199407916,1.238760084834546e-06,5.8678043702563,6.374352686578438e-07,26.00193726239197,34.311299
0.0,0.3856279289846737,1.2437439009022776e-06,5.482602312010002,6.446254006781174e-07,27.148845185186673,33.3904953
0.0,0.3514839486029206,1.2551078154741558e-06,4.704603057567215,6.485495763883615e-07,27.491684480325745,32.8954423
0.0,0.3083678971178599,1.2662756553988021e-06,4.137276025259831,6.511969904287919e-07,27.618468857264244,32.3688907
0.0,0.26498747438891224,1.2670811626171638e-06,4.056607698919336,6.537026750075359e-07,28.06873292562226,32.6396967
0.0,0.22943374069264916,1.254853451475525e-06,4.533005157313204,6.563128323708329e-07,28.996213356563356,33.9490457
0.0,0.19372380998875327,1.243662348140288e-06,5.099296291721762,6.582131845914364e-07,29.778345922246597,35.2003302
0.0,0.15770199385655698,1.238514132541651e-06,5.3814516559570515,6.591859375165774e-07,30.1617498231855,35.7751289
0.0,0.12067698993546928,1.2296053142447123e-06,6.0443742690173465,6.59957665461219e-07,30.614861338207657,36.7885521
0.0,0.11624959667215268,1.2222940923313244e-06,6.813166351694192,6.601866789342222e-07,30.87717122708632,37.790146
0.0,0.08951942668535379,1.2168041102766365e-06,7.512005756323942,6.59816353854406e-07,30.87465827103655,38.4068865
0.0,0.07144877347114056,1.2116160404480136e-06,8.397814206173186,6.586779481156956e-07,30.632053106401017,38.9859524
0.42533868687831156,0.05721963239255184,1.2103117688550158e-06,8.79652203690236,6.555257421852076e-07,29.786653778356232,39.2659433
4.736641009115994,0.03850797164611228,1.2392894756598893e-06,5.030807605366687,6.425693463888057e-07,26.11129891743574,39.6774965
13.840224354044166,0.04068951120845895,1.337667874071759e-06,1.6886080301493676,5.98279954756547e-07,13.425372738859894,40.2123224
23.161996491753392,0.05116952607927877,1.3169397708772972,1.2694019473468033e-06,4.1844581098786635e-07,1.0150231665522811e-06,40.7171471
30.15917389226281,0.0612734795861546,14.64788866100626,1.2568070408663003e-06,4.049623625444696e-07,9.448489056146164e-07,40.0721409
33.41847360815962,0.08064643053411813,21.49429283626963,1.238233521784923e-06,4.010409162154122e-07,9.319350387299997e-07,39.1689568
33.830592924188174,0.1130837533760579,22.108985833910015,1.2370290632371026e-06,4.0050459498733057e-07,9.305165374782939e-07,39.3754339
31.631441169837863,0.16635879079450253,17.11905870256563,1.2499706143849373e-06,4.023202824643338e-07,9.361903684860274e-07,40.5094587
27.819957674121905,0.23337663300604672,10.759170156071724,1.2696855450261831e-06,4.069489871455205e-07,9.544913092301336e-07,40.1276191
21.820387816719172,0.20387229802380077,0.6943078474533025,1.179113569577078e-06,4.074992893346162e-07,9.54512032433495e-07,39.2667799
13.909030687186007,0.2868154962366024,1.32082252576883e-06,1.5871528222756097,5.760210336950207e-07,10.576994146144683,37.9614826
4.7833538539623905,0.2859225004474684,1.27713825043802e-06,2.7251527295549556,6.093620489305785e-07,18.896181126026306,30.8738355
0.4148038843509376,0.3181734925040862,1.2460910556537238e-06,4.6969307952750965,6.2626905456568e-07,23.70706502333069,29.7765874
0.0,0.30111279349664943,1.2603684047647668e-06,3.9150391354665643,6.323952872935807e-07,24.23144388466765,28.7483255
0.0,0.2805489585290334,1.2717299241940467e-06,3.4792355461129785,6.365181756839779e-07,24.594219569283432,28.6384069
0.0,0.2560200192651258,1.2838136388719203e-06,3.1329808816376787,6.394994888159257e-07,24.753808374308043,28.4033976
0.0,0.23124735075437614,1.2806571084414178e-06,3.188969294474998,6.427414702978695e-07,25.49725383599246,29.1438656
0.0,0.21674936065535894,1.2602049151411038e-06,3.8101086156034225,6.464815241263793e-07,26.989274177400524,31.2078067
0.0,0.20599314989371095,1.2434635680476911e-06,4.624861938861744,6.494003143113164e-07,28.248405908505028,33.2363279
0.0,0.19962622154170337,1.2367703987331324e-06,5.049642740851995,6.509604531475729e-07,28.855189843404144,34.2424778
0.0,0.1910218809267246,1.2279791933306748e-06,5.7799710464403065,6.521133649602276e-07,29.460834508964037,35.540198
0.0,0.16100040697887869,1.2209794369420952e-06,6.491305737465201,6.525786731165879e-07,29.82799920454949,36.5311508
0.0,0.1592002634154916,1.2161679526914526e-06,7.154557992390168,6.521734533285748e-07,29.94576468477727,37.2914041
0.0,0.14754509202410662,1.211106604689908e-06,8.024628345726182,6.508626950308331e-07,29.889015911995926,38.0558899
0.40852345627369363,0.1289589140550961,1.2103792508759392e-06,8.173504857997607,6.472954353532423e-07,29.282925538304035,38.2910497
4.554667313055178,0.11353032590023393,1.2367359547164052e-06,4.295630184800287,6.359045234686323e-07,25.985212899751545,38.6796385
12.608004323104083,0.10581034062409968,1.3784505070019418e-06,1.5645315837924927,6.046235010416797e-07,14.800947829001958,39.3883585
21.29080600916372,0.116044398416045,2.019086516437642e-06,0.23056360649187158,6.317855553096941e-07,0.29602596441605944,39.3194575
26.566266363570463,0.14058170172428275,9.607573850212303,1.246810999692323e-06,4.3875272519774415e-07,1.4225305903822384e-06,38.7948348
30.187177451161926,0.1743550493551336,16.705197574802746,1.228432633655082e-06,4.3215203676343105e-07,1.3201858594615401e-06,38.3282855
32.073248620491114,0.2112201026756604,19.458619774160212,1.221707199100542e-06,4.3039665540991125e-07,1.2949400022354952e-06,39.0736639
30.446064878850546,0.2366243643316607,15.468909642789168,1.2311884331150807e-06,4.3238754935576683e-07,1.3258830477068298e-06,40.1777699
26.334119425077027,0.250483132480949,8.651935616781314,1.249440796105547e-06,4.3853413590585215e-07,1.4266086499734225e-06,39.5857541
20.398169832531657,0.24964433990044496,2.0551298628118685e-06,0.4111909217257934,5.765555736437049e-07,0.6060785637569558,38.5007164
12.574712166181639,0.2682188424817322,1.4043382352474278e-06,1.4253640220979158,5.851278389336724e-07,12.026244672037906,36.7951209
5.492301815531012,0.5944769605316561,1.2727482577477644e-06,2.5251009339847856,6.058252019933708e-07,20.2206684592604,34.0032341
0.48894986181601796,0.7488962024275485,1.238450640812186e-06,5.0167521965092225,6.174374440276344e-07,24.72861230576236,32.2450428
0.0,0.8477294651287168,1.248019716313376e-06,4.573042357919953,6.215767988681945e-07,25.06963719830615,31.4982875
0.0,0.8995181018601217,1.263185656495896e-06,3.8791387035042755,6.237054521757214e-07,24.867877603699625,30.7403171
0.0,0.8952353241947408,1.2711486284618746e-06,3.6217569733728463,6.255580201803024e-07,24.906648719223757,30.5181888
0.0,0.911701822255109,1.2745304895057873e-06,3.581507102290529,6.271300601602428e-07,25.109757867034126,30.7203188
0.0,0.9579417862522299,1.264046713841776e-06,4.120352707470543,6.291722849522165e-07,25.916906799796486,32.1602936
0.0,0.9801215125707254,1.2536369091087678e-06,4.773591225085632,6.307827813659933e-07,26.583736283291532,33.5155714
0.0,0.9820321466523061,1.2514296013004912e-06,4.970129846116463,6.312810484987887e-07,26.726173236521063,33.8540734
0.0,1.0056110731057835,1.2444652521419984e-06,5.588893129006779,6.316877719821609e-07,27.005755748693716,34.7917423
0.0,0.8444036380633462,1.2338971720683705e-06,6.3386084235166065,6.318409436722464e-07,27.188817242160752,35.331166
0.0,0.856378627734065,1.2297039420616398e-06,6.975442575129989,6.307742783870058e-07,27.03756502921953,35.8286543
0.0,0.8818181256217642,1.2274132292787417e-06,7.539450786819339,6.284362942200516e-07,26.551534989142855,35.951648
0.31538305159207847,0.8806027243935167,1.225031760483588e-06,8.256791745506098,6.240192288879729e-07,25.582321376334644,36.2497514
3.6891004242336094,0.8977958660804392,1.2515240568754763e-06,5.754006065743661,6.103383067849413e-07,21.956561174148597,36.3289861
12.281746192002624,0.8899255491311295,1.3588383104219673e-06,2.4435260616135106,5.588678749568744e-07,9.829015556835367,36.5051411
21.171119374064357,0.8679486550337295,13.70877151175275,10.51408942688993,6.271058325845553e-08,6.676767951328487e-08,36.5413508
27.748587582145063,0.8710885880351942,24.081187170844686,8.480372263735001,6.073926550838561e-08,6.450855092917315e-08,36.0402606
31.234277358704688,0.8514779721871368,29.299110993995107,7.465352118074201,6.028314984063366e-08,6.398241198030935e-08,36.0843772
33.51699934287248,0.8120285618434536,32.27961279396081,6.8522489427129285,6.01239051028407e-08,6.379990978071065e-08,36.5401335
30.8674689651478,0.7705939596747127,28.104281345006157,7.704645252790813,6.032731054549083e-08,6.403554656860162e-08,36.6596594
27.27717912153737,0.7778239214098601,23.550632645802676,8.61651037409403,6.076421045150449e-08,6.45417284837993e-08,35.6304948
21.69030333856453,0.7019893703566437,15.846466919359422,10.339012821400875,6.227604162273554e-08,6.628720574658265e-08,34.7587993
14.003441709318286,0.7006412389867128,1.4129848151351498e-06,2.1342500503042245,5.094512292082717e-07,4.563164152744765,33.6135624
3.8550674105319955,0.2840853461261234,1.2676848902884668e-06,5.133946882225441,6.130219573786313e-07,19.071391748785125,31.7134749
0.23562039731486809,0.29833399040920433,1.2439681460333847e-06,6.623488046072656,6.304088497432229e-07,23.18844763142201,30.7660008
0.0,0.26479910372761023,1.2571337980079109e-06,5.433876106106086,6.363304615092875e-07,24.03946076784594,29.9528235
0.0,0.22946226578765486,1.2698281668161546e-06,4.668455999492398,6.400228296730974e-07,24.428569530999216,29.5135327
0.0,0.20571919841927272,1.2775911141864658e-06,4.3024625671615855,6.429525076196385e-07,24.79757483893931,29.4705208
0.0,0.18975823027421165,1.2738827105059048e-06,4.398249456105951,6.459228650861352e-07,25.471513454756376,30.2007619
0.0,0.1787371617941883,1.2627079189675305e-06,4.837617693549783,6.487759216569648e-07,26.32388482056569,31.4559068
0.0,0.16180209482339858,1.251780810958515e-06,5.379166058205483,6.51034353264233e-07,27.052862980045358,32.6735413
0.0,0.14683066001283665,1.2408958608672898e-06,6.088498349938836,6.527535540613161e-07,27.671530466910824,33.9490175
0.0,0.1309044637374627,1.2314111850662795e-06,6.899427490938242,6.538530521298779e-07,28.110977781013457,35.1421118
0.0,0.11860539360751655,1.2260796179942744e-06,7.477665790891779,6.540628536120795e-07,28.235691735921865,35.8020278
0.0,0.10114135196794723,1.2206849825681276e-06,8.198863547135952,6.536509937758211e-07,28.194394166272502,36.4233155
0.0,0.08360757310483206,1.2164457040791327e-06,8.946003032115302,6.522004504520608e-07,27.86815106708805,36.7847888
0.2839999987578798,0.07317521062140545,1.2140175420491078e-06,9.635869252046824,6.487089543118209e-07,27.041508428461256,37.1204647
3.6969190154397693,0.055834899345482816,1.2367975437225503e-06,6.877267057072996,6.367539083639999e-07,23.863074510415164,37.3882979
13.021902400187516,0.04824739544566852,1.3503949009947897e-06,2.952029883961556,5.886501946256608e-07,11.158067334668706,37.7135373
22.593909995771664,0.055355749614936944,2.9845637559089355,1.997403646816669e-06,1.5731175999777122e-07,1.9394590811936986e-07,38.0312111
29.084648974113808,0.0814373385462231,14.803879579540311,1.9314092742826373e-06,1.4596777890146788e-07,1.7434585282280657e-07,38.0184886
33.38018512048205,0.12004291466470363,22.06482662453668,1.909110172948905e-06,1.436568324052306e-07,1.707609475836628e-07,38.6206824
33.90137146331031,0.17093885412541054,22.98301741807305,1.9064123660521552e-06,1.4315703455197673e-07,1.700198711074916e-07,38.7639289
32.12229769738067,0.23260332099731446,20.658863355979598,1.912540699283169e-06,1.4365792079994191e-07,1.7081782102665388e-07,38.0118712
28.234192495787614,0.3066713781486358,15.085919715434851,1.9291645469319637e-06,1.4550135121337583e-07,1.73730860928988e-07,36.7208111
21.30458049585854,0.34254593071380574,3.969833661608034,1.9885379580193906e-06,1.5321614447629693e-07,1.8704898725979237e-07,35.3800682
12.76252881459799,0.44764173982049005,1.3688718501376059e-06,2.9435400033464787,5.500945450165998e-07,7.0180186212600475,34.0239383
4.424753023855696,0.4092042461658947,1.279300887039323e-06,4.912876897991583,6.022084022950631e-07,16.79684340683332,30.5450651
0.11289039461878725,0.45176653489574065,1.2441200887491669e-06,7.278413729939648,6.193622283667236e-07,20.92811942449522,29.2786695
0.0,0.42855449865647577,1.2553129371045121e-06,6.055641683741501,6.246666553410426e-07,21.800516531113683,28.7006318
0.0,0.3868503122274546,1.2676656101480083e-06,5.131198250999578,6.276662518421717e-07,22.14290033901806,28.044772
0.0,0.3581487375448508,1.2718713181664684e-06,4.8351676307910045,6.302333725222778e-07,22.56850796987997,28.1150537
0.0,0.3311915940404661,1.2760790088083289e-06,4.586224461305418,6.320574329733845e-07,22.835976467047736,28.0771602
0.0,0.3049803762423606,1.2704187131973108e-06,4.777301629328131,6.340610250325003e-07,23.358184459688115,28.7247594
0.0,0.2811996181573605,1.261865141266843e-06,5.154529515316298,6.357977681585661e-07,23.891065152002668,29.5701761
0.0,0.26491299403910384,1.2494960616662182e-06,5.895041804148815,6.373913778794049e-07,24.481953847701853,30.8452178
0.0,0.24846028310798854,1.2383557851303288e-06,6.797246019371952,6.384181360059564e-07,24.91594356577602,32.1206242
0.0,0.23246062365673661,1.233127271651286e-06,7.333714514385199,6.383369708650874e-07,24.980884927230804,32.6714427
0.0,0.21210449671133919,1.2295728834439133e-06,7.778479561141278,6.373622887579314e-07,24.810949814606445,32.8878504
0.0,0.19412417849276314,1.224937192153772e-06,8.509302789024924,6.35430982022331e-07,24.44937782430034,33.1970488
0.17084909259653916,0.1761042789408071,1.2245285023130337e-06,8.807964961935225,6.310392505409174e-07,23.470526065455065,32.776696
3.1577149962760855,0.15970810408461875,1.2501365557477038e-06,6.219821794253272,6.180847919941224e-07,20.12979915344023,32.2796194
11.062684477387126,0.15259417204309048,1.3504062717952648e-06,2.970672043654033,5.68542802575478e-07,8.70119084976689,31.9718109
20.131787602279733,0.14950246635341455,12.17211995720254,7.940716228963566,7.097680424030043e-08,7.633419625870023e-08,32.063682
27.17982347308983,0.16671451973607618,22.76094051267879,6.190100817150269,6.734805757177728e-08,7.202150179285378e-08,32.5396359
31.539804033197015,0.1933063706526935,28.42779004371481,5.589830158641622,6.647507188426477e-08,7.099778751000686e-08,34.2382493
31.524250372642918,0.21026949282835797,29.170920197871574,5.524898833555669,6.63034934004793e-08,7.080017828281741e-08,33.4432692
29.914125015687564,0.21962126279803476,27.394344054263644,5.709443731813284,6.656463527609572e-08,7.110389633421463e-08,32.5083898
25.113464841442248,0.21904164502938173,20.05128938634864,6.551694183773112,6.75994801121929e-08,7.231802124192838e-08,31.9875098
19.148375333379484,0.20753273108733108,11.520476712393439,8.003582092355218,7.111366657629818e-08,7.65085506273853e-08,31.1418411
11.337827297296084,0.2077580959222335,1.374177012031183e-06,2.3927922414417573,5.419529256305807e-07,6.136772376567414,29.4700613
3.379723564692429,0.7007419668464218,1.269761638878249e-06,5.064967844951806,6.044685982570782e-07,18.80886116677642,31.4916996
0.07998114006046145,0.5549359990061146,1.2417850131722974e-06,6.600055900110607,6.207695061781534e-07,22.645895254669842,30.515235
0.0,0.4685842896492599,1.2515229271767796e-06,5.337670743103193,6.259995542782164e-07,23.48857716402544,29.7816911
0.0,0.4082928472679867,1.2590729915775205e-06,4.631580539536002,6.29171975636674e-07,23.94744581635791,29.4120179
0.0,0.3472836781164079,1.26143385239215e-06,4.332303347158435,6.315945579501902e-07,24.381033115689853,29.4120382
0.0,0.3181395387960388,1.2558598222547812e-06,4.499953893832092,6.338292555320123e-07,25.041251721160954,30.1679916
0.0,0.2951061990094984,1.2440752366093162e-06,5.132283944305796,6.359254400249543e-07,25.878069865661022,31.5678072
0.0,0.28933982341350567,1.2346609667487082e-06,5.844749330866833,6.372596063267696e-07,26.50065447709088,32.8716458
0.0,0.29770491808630306,1.227286096317251e-06,6.611096930777443,6.378345634018879e-07,26.906687940121348,34.0443068
0.0,0.31060001344264976,1.2211880428062213e-06,7.461655861598359,6.376266037295637e-07,27.10750574373137,35.1043849
