RE_PV_Openfield_Lim_[MEX],RE_WIND_Onshore_Lim_[MEX],BESSch_[MEX],BESSdisch_[MEX],PP_CO2_[MEX],PP_CO2_Existing_[MEX],EL_Demand_[MEX]
6.232975097443485,2.4866883359381395,22.203702589461496,26.258587163175402,1.0883548429120112e-07,1.2249962932317308e-07,24.6446669
0.18159773839716095,2.5858348143007825,6.65155567972726,14.733662445485498,1.1189299885577772e-07,1.262043406426415e-07,23.8957202
0.0,2.5252459566918946,6.438355200337534,14.548337916342545,1.124185856757389e-07,1.2718745488427195e-07,23.1738763
0.0,2.4100269742705525,6.375667922742262,14.316011222393788,1.1272154492603368e-07,1.2781553749297238e-07,22.5122237
0.0,2.296041266904272,6.342493663106234,14.160460720770258,1.1292534558802007e-07,1.282603053844907e-07,21.9715276
0.0,2.196164102382482,6.308821933833084,14.112478226602818,1.1306921422583673e-07,1.2858408774023557e-07,21.6978045
0.0,2.1260076892166886,6.2843908665858565,14.090298392691626,1.1316964353802454e-07,1.288149995471797e-07,21.5315602
0.0,2.0109265312833227,6.295443886049169,13.962057408196756,1.132343150286937e-07,1.289667412105525e-07,20.9700946
0.0,1.8590451531959011,6.264502976653809,14.054743361264055,1.1327115919550914e-07,1.2905453822041505e-07,20.8797037
0.0,1.7877054068532199,6.204170719437442,14.315659890783133,1.132818293217902e-07,1.2908166329654956e-07,21.3931379
0.0,1.3687472428363028,6.082147505652738,14.941344769054599,1.1326718011571593e-07,1.290498523762043e-07,22.0326325
0.0,1.4405554364483584,6.066155364416898,15.091364791055428,1.1321696586698451e-07,1.2893822655602883e-07,22.5592635
0.0,1.4611893825790034,6.073885003226482,15.176478239312654,1.1312897350435768e-07,1.2874343464930503e-07,22.7843043
0.0,1.5398698553836994,6.1026717785225735,15.228265325361248,1.1299333669848343e-07,1.2844890958255112e-07,23.0321202
1.2444583233022324,1.5929505239909647,6.467628784697207,13.807502766332304,1.1278090142768597e-07,1.280084566014732e-07,22.9332566
6.973654600331386,1.732595085221211,9.463483764376491,8.41452822257762,1.1245438844604891e-07,1.2739726612366686e-07,23.1192155
14.601610944533437,1.618519784389855,18.16230797368663,5.64857574088221,1.1214736545973393e-07,1.2685394084378865e-07,23.4132785
20.830468737623047,1.5879175148547366,25.604776256961134,4.945006024827409,1.119794090874119e-07,1.2654359902340712e-07,24.071908
24.928974192289186,1.8918375690760987,29.03437622846662,4.715194229735416,1.1190874221521477e-07,1.2640683309201955e-07,26.9259066
26.599656733858833,2.1720615984640674,30.218406684614347,4.63908397943979,1.1189582660965833e-07,1.2637979460897166e-07,28.5218206
24.87861040447844,2.3817783635572125,28.789794589827622,4.725637998292676,1.1193842371737127e-07,1.2646161079748395e-07,28.6278281
21.664487691703314,2.457840548484903,25.69789995138845,4.91904500295132,1.1205984314621641e-07,1.266944134193603e-07,28.1410631
16.71463516830591,2.1384720749847337,19.779035896212555,5.37519697831764,1.1239091625424057e-07,1.2733103253465527e-07,26.9572724
10.522945731117678,2.2524254018990204,12.177348756917116,6.381555250836372,1.1374431181817277e-07,1.3033918967124636e-07,25.5794545
6.704120553968759,2.5713463357876294,2.6298357358397543e-06,2.0248173284559,5.337903308955159e-07,1.0535012867860347,29.8070156
0.6127408826787465,2.414702339175933,2.535819109015563e-06,8.985799640065864,5.374625724138801e-07,4.134434826731064,28.5855657
0.0,2.0651829600169322,2.5323594265665288e-06,9.241548309907119,5.392736827807872e-07,5.257568138792081,27.7066029
0.0,1.7992190351228825,2.5320147022741365e-06,8.943553472140646,5.40064180837589e-07,5.882856548492867,27.1532073
0.0,1.6157799251499607,2.531009188004664e-06,8.959390093996571,5.404592606171552e-07,6.347974986352654,27.2438703
0.0,1.3467592553960717,2.529618090102444e-06,9.15569973611908,5.406750968955958e-07,6.711269532752725,27.3917379
0.0,1.1249385666450011,2.527027816789379e-06,9.752718287383665,5.408271292674868e-07,7.043052531973439,28.4146486
0.0,0.939693976007298,2.5249092945231955e-06,10.310499426863691,5.409232828756257e-07,7.277344066386274,29.3510054
0.0,0.7743816292421785,2.522643997260549e-06,11.011166903655523,5.410001548441704e-07,7.4488021773727775,30.5664663
0.0,0.6591171078790259,2.5207300478575274e-06,11.692580414883556,5.410583352878893e-07,7.532968512091404,31.7806757
0.0,0.6020865021615284,2.5196921710262143e-06,12.140007286470107,5.410911105902185e-07,7.500517542240361,32.5378832
0.0,0.5652810991223823,2.519331664065971e-06,12.412139130854188,5.410946028168741e-07,7.3472757497829475,32.8588329
0.0,0.5116956527308397,2.519113189660122e-06,12.744270947565798,5.41043165008231e-07,7.06393959745442,33.1327814
0.0,0.47536871049633894,2.5197772556599494e-06,12.921246677000052,5.407794550657159e-07,6.538006001593674,32.8713385
1.3450460291522857,0.436423656502287,2.525588715419944e-06,11.44792063437809,5.395132283640458e-07,5.3503917382931805,32.3322415
8.271938897720712,0.4333197373242735,2.605024036798508e-06,3.050735992860729,5.345836002929398e-07,1.6496977488320974,31.878147
17.22138007070674,0.37909337435611346,24.900302762817898,14.994388039345544,1.1060263303269108e-07,1.249605645089388e-07,31.6820251
24.65639428697371,0.37681001155832305,29.958953804023892,13.422421091540311,1.1025628745709209e-07,1.2444012611623947e-07,32.0411547
29.32378601839512,0.46960061226460037,32.07789862805715,12.733715390794387,1.1018999664584156e-07,1.243426964574294e-07,33.6258513
31.258883224609505,0.6061320458899258,32.968335939892114,12.440351016576798,1.1017294374027916e-07,1.243184885376259e-07,33.4306123
30.712941257641145,0.8010955021375995,32.90199883502306,12.471155615806822,1.1017309110715833e-07,1.2431886453670967e-07,32.7394695
27.920457564006416,0.9977274699897146,31.840908249199895,12.854894911451002,1.1018901512262052e-07,1.243417545509541e-07,32.2603483
22.960759461093037,1.0543633461723707,29.447559156430533,13.74782699387747,1.1023910534294748e-07,1.2441513648013526e-07,31.4865632
15.955087101706056,1.2887467193907423,25.424669370097003,15.387474887637046,1.103785290930197e-07,1.2462297737666953e-07,29.6481574
8.074277563171814,7.9399368151859875,23.024508394423176,15.772378261760778,1.1067254379750452e-07,1.2506539138890674e-07,29.5548552
1.16408901173259,7.676191165110466,17.030280275558383,18.17218778492732,1.112615336653728e-07,1.259582592928314e-07,28.4581139
0.0,7.55044430897202,15.777662895783942,18.41259750533546,1.1158649189909543e-07,1.2644737844322096e-07,27.7937272
0.0,7.29583432413566,15.32760922212484,18.269710113541745,1.1178689596236949e-07,1.2673841527982528e-07,27.608138
0.0,6.862804300024064,14.869402698798412,18.41063762365465,1.1192920275238379e-07,1.2693652454543907e-07,27.811166
0.0,6.504563181963285,14.425834354990414,18.710980885453584,1.120340583930353e-07,1.2707665102966238e-07,28.5903599
0.0,6.165104411754924,13.894885261338176,19.303372257534413,1.1211325528543016e-07,1.2717947903813633e-07,30.379166
0.0,5.766551442454873,13.435076397312582,19.93598877104901,1.1216872550436315e-07,1.2725024731644762e-07,32.0565253
0.0,5.284341776513162,13.119859490159621,20.43381501738233,1.1220136497429022e-07,1.2729182395062915e-07,32.9434857
0.0,5.025524068932432,12.881811242094084,20.879846183160957,1.1221384139789625e-07,1.2730869304308628e-07,34.0828022
0.0,4.718151257174934,12.735472112071475,21.226500358313793,1.1220514496489128e-07,1.2729993237518573e-07,34.6833435
0.0,4.742787095064894,12.748497714282228,21.312303226645938,1.1217109262440275e-07,1.2725960129683814e-07,34.9886043
0.0,4.630807290026633,12.771380072980538,21.491385192223195,1.1210850375958211e-07,1.2718333517811478e-07,35.2654944
0.0,4.430494517694422,12.895842366070145,21.640290346702237,1.119982209167085e-07,1.2704244505399394e-07,35.1003711
1.1231494164365674,4.191708660986623,13.584996836269179,21.078357137959372,1.1177414334325893e-07,1.2673420470184536e-07,34.8894748
7.835823347035344,4.185568325934948,18.41314917774173,17.49592351454607,1.110013291410613e-07,1.2557685222882034e-07,34.9291112
17.464244648365774,4.052552297340293,29.52333881872444,21.06111217326727,1.0924330805997822e-07,1.2304681001235268e-07,34.7778355
25.28177669850353,3.849360608458029,31.678313957589282,20.48789914812391,1.0907644724186529e-07,1.228133085066241e-07,34.6967896
30.716817671834782,3.7832455122017254,32.76488117723764,19.966915100028213,1.090431695660426e-07,1.2277056820728495e-07,34.9698468
33.739855748377906,3.719761032044243,33.175241548901205,19.74697448273844,1.0903461137454977e-07,1.2276109529653456e-07,36.5931692
33.64131835476916,3.8053303390823032,33.18250133598296,19.74793856658861,1.0903399518440651e-07,1.2276021189165027e-07,36.3775629
31.264148273967628,3.778445103903639,32.86289215942548,19.91251093614017,1.0904107275023163e-07,1.227676835638146e-07,35.0697449
26.381449958023616,3.2554708893856414,31.9160938573493,20.361917041231468,1.0906941662452064e-07,1.228030499983142e-07,33.5873088
18.82923115758667,2.63609652177144,29.9429011832899,20.908712154599908,1.0922498658588707e-07,1.2302034932270734e-07,31.8184122
7.77340542942937,1.5293169729880536,2.6764525272382585e-06,1.2119361668615543,5.321520070700799e-07,0.4736199956009218,28.3435113
1.1196228443113792,1.677052646834731,2.5387200235944535e-06,9.45358393140677,5.35166408652075e-07,2.13555781098515,27.2351237
0.0,1.6670200405593598,2.5335686187613696e-06,10.401746588237309,5.356120461358033e-07,2.703251215326628,26.5277409
0.0,1.5241774631111162,2.5328939539665145e-06,10.148674110661453,5.359833960325414e-07,3.0033208635010795,26.0155861
0.0,1.3919785440265027,2.532246727904777e-06,10.101999677077805,5.362713150525861e-07,3.212549100489019,25.8426182
0.0,1.3052001151842858,2.53182026853751e-06,10.079044314886735,5.364765890491471e-07,3.357663585563319,25.7518481
0.0,1.2686212998301918,2.5313053735434603e-06,10.151897531990874,5.366184405506381e-07,3.461081422789685,25.9230194
0.0,1.268053522316471,2.531208039464855e-06,10.121750931634715,5.366971590128765e-07,3.516094325774855,25.9190642
0.0,1.2226475240246173,2.5300813841240462e-06,10.513182915322362,5.367475665058745e-07,3.566725520115098,26.6546549
0.0,1.16224283495388,2.5286973096073056e-06,11.075495290498603,5.367543996265211e-07,3.5909017214080414,27.6786448
0.0,0.9723008647289818,2.5276518544946304e-06,11.591815484407451,5.367009599816339e-07,3.5677218388440766,28.2714044
0.0,0.8672993867506158,2.5273210193649548e-06,11.892921217460692,5.365687847803872e-07,3.4796240565245653,28.5543395
0.0,0.815953298952871,2.527447034395105e-06,12.114115084625753,5.363433300318796e-07,3.3198087142572033,28.7204175
0.0,0.8228553419953245,2.528252979887978e-06,12.24691703901949,5.359912973916602e-07,3.0516921056292663,28.7208918
1.2331729681643728,0.7782650945931492,2.53335042478462e-06,10.860062248952111,5.354587138985546e-07,2.512024794516679,28.7188372
6.892039657330647,0.7969944814110298,2.6062016322043176e-06,3.2042832820225406,5.343911032203055e-07,1.068918517772604,28.5280946
14.880460620983659,0.6526313310201376,24.56855730279527,15.844042194579563,1.1064028340124922e-07,1.2500712028363442e-07,28.455779
22.057887577631178,0.9174633741936539,29.688445157999368,14.330037101105658,1.1026288057693896e-07,1.2444882873317413e-07,28.4032607
27.34423393273871,1.5709344835561931,32.2049245196784,13.42259782425974,1.101865977483837e-07,1.2433739374801147e-07,30.0621695
30.934221594824006,2.359903795757689,33.504470837521836,12.927102128986544,1.101678622665509e-07,1.2431144770174092e-07,32.2186346
30.293235493052332,2.892511257643126,33.399899578830926,12.980931231087354,1.1016685943481016e-07,1.2431007483353075e-07,32.3927175
27.59625940770158,3.2208464745839396,32.59120556976193,13.27955108848537,1.1018110713375787e-07,1.2433000040626943e-07,31.6409567
22.87147464819069,2.6280995816739017,30.498137195812323,14.045065937512133,1.1023575721537932e-07,1.2440891166023453e-07,30.1976604
15.772718769305067,2.8152306670054634,26.67274247238743,15.267404810752158,1.1047406783852459e-07,1.2476124152471337e-07,28.2822409
8.046155948270366,2.439227474665911,2.6879359780464593e-06,1.0277237451749484,5.315974318788473e-07,0.4883121412569681,30.8393764
1.4508306128327382,2.6728582476818663,2.539686622532414e-06,8.222765610681702,5.369491846335138e-07,3.6616771621237203,29.5349997
3.4219904516268978e-06,2.9076159962892647,2.5332167505745748e-06,9.117594933510379,5.392830959057957e-07,5.003744039296024,29.0950652
0.0,2.7018319339554453,2.532782175775312e-06,8.802358077637589,5.403284013874441e-07,5.694913111087997,28.7169922
0.0,2.634152486989228,2.5320257800239414e-06,8.730342026104017,5.408393179230426e-07,6.187827699999679,28.927953
0.0,2.6001774675615965,2.5301056627190913e-06,9.02972612067205,5.411273640060484e-07,6.604164082392718,29.8694831
0.0,2.4707028339019708,2.5267359378734186e-06,9.820887756972406,5.413263900424163e-07,6.995739108878578,31.5494251
0.0,2.2841832032128497,2.5240604982476116e-06,10.549321892996176,5.414458722868375e-07,7.274525113637698,32.8725246
0.0,2.1414228474562282,2.522512970440965e-06,11.008354252611237,5.415100593110998e-07,7.426179019665337,33.6315922
0.0,1.9422409504590958,2.5207483729876726e-06,11.62447805427811,5.415647509752402e-07,7.517058690710881,34.5265417
0.0,1.7221461121237294,2.519348061612457e-06,12.199181951564903,5.416017669765931e-07,7.515738006647234,35.2043996
0.0,1.5517748417969317,2.518878838954063e-06,12.503900237754483,5.41601710683333e-07,7.384841380570966,35.3111816
0.0,1.3607298479544043,2.518183743415783e-06,13.014445580685383,5.415544045184261e-07,7.144673163165309,35.6886737
0.014240174042843615,1.201053108775955,2.5182180707479153e-06,13.4243117155583,5.41305901660103e-07,6.678343912826572,35.7377
1.5249182898985043,1.1428481518717497,2.5237853310564142e-06,11.923025153127094,5.400873627859456e-07,5.564771657466965,35.6232483
8.357320265007523,1.115786296045843,2.584879045342196e-06,3.8944318606595374,5.350908302934162e-07,2.11750719559289,35.7276157
17.631321929392765,1.1773691605680145,21.705012191302036,11.707213267958537,1.1161713342632789e-07,1.2659250080611738e-07,35.6529335
24.698761983817512,1.3135548756301265,28.422235073585657,10.076658715582353,1.1109987475393018e-07,1.2573102219854572e-07,35.2937292
29.51545836795644,1.556207441371081,31.721852310312748,9.345922314882504,1.1098993990921487e-07,1.2555078338682403e-07,35.6371991
31.46156147510769,1.6079098650985824,32.56032902102405,9.179846919086604,1.1096063993651349e-07,1.255030731525561e-07,36.9513899
30.80648544448856,1.6689064094550368,32.311598079922355,9.24244993501552,1.109615007336959e-07,1.255043347232081e-07,36.5522966
28.485857431942005,1.8616386336714565,31.305079302230375,9.459276905636091,1.1099052530725952e-07,1.2555141225771753e-07,35.3900708
23.849905096973075,1.7170761686413258,28.33059073239361,10.148622059817047,1.1108146313967466e-07,1.2569972522141542e-07,34.217077
17.15590711384592,2.0290910842649366,23.107597190206956,11.516309960554189,1.1136521920469752e-07,1.2616765655341016e-07,32.7310099
9.736169075723318,4.342091002780119,18.221086364942792,12.152244192058946,1.1238044704525046e-07,1.2790720736697037e-07,28.5073648
2.3815106504932455,4.681938036496779,2.5807017037627774e-06,4.56650767078243,5.347725349772634e-07,1.3519214854923944,27.4332352
0.013108497761277899,4.7644791297026305,2.547855012289022e-06,7.301621710738803,5.352085560124305e-07,2.2971604123676395,27.0800002
0.0,4.540213352011252,2.5459934556737333e-06,7.204814776563828,5.356462523940967e-07,2.7887815983683333,26.8538499
0.0,4.105433273913775,2.5425586809445163e-06,7.563640843397943,5.361810930014579e-07,3.2062229013046775,26.9912838
0.0,3.5646842795006415,2.5372479619733512e-06,8.51546209297511,5.36695238790153e-07,3.6112056616738184,28.0384766
0.0,3.11077643690317,2.531748763281923e-06,9.926320648066676,5.371260293067345e-07,3.9838389122294737,30.1864073
0.0,2.6636184215481773,2.5281805744847996e-06,11.046765615349418,5.374196654050707e-07,4.246312682035661,31.6960298
0.0,2.3060355550534677,2.5254098932990918e-06,12.040453177957353,5.376089404054089e-07,4.426733099997624,33.0992579
0.0,1.969105026383582,2.5230890045599e-06,12.98109297427511,5.377132544415104e-07,4.537171654479488,34.3963118
0.0,1.6868371790955998,2.5217575910527364e-06,13.596140311121735,5.37725979416196e-07,4.561585471112781,35.068943
0.0,1.4984768945700668,2.5210929827054993e-06,14.005583614528861,5.376454928931041e-07,4.504977141807,35.446186
0.0,1.3283852987610392,2.520574418830768e-06,14.475006075383396,5.374508434890004e-07,4.36495971967594,35.9100262
0.04342984079434974,1.2099364228624325,2.5211283557692642e-06,14.6441893237575,5.370381988916052e-07,4.072940155182589,35.8128195
1.6298782213850667,1.089935499316092,2.526284731813649e-06,13.04474006389315,5.361277638215365e-07,3.411609587682454,35.9582708
9.375342483416311,0.9100337587363818,2.601127397863244e-06,3.35539561986421,5.344521593475547e-07,1.2929763041656035,36.3205209
19.055912860866894,0.9368796945630531,28.374919377243494,19.883899207907522,1.0958469707162551e-07,1.2351979775674457e-07,36.3544869
26.1750819055377,1.256501852676633,31.256497305330406,19.128738000301777,1.0933758868244677e-07,1.2316417473232722e-07,36.0864137
31.135070221232425,1.6214256972297203,32.66982939213652,18.475484197688967,1.0929691229431302e-07,1.2310926931814615e-07,36.224564
33.522396676503135,2.0233800732480973,33.15933339261934,18.23412248518505,1.0928830564506767e-07,1.2309922011383484e-07,37.6406206
33.349657498531116,2.471663932010897,33.202567670126726,18.21082794002794,1.0928849061610249e-07,1.2309986599154624e-07,37.4559477
30.694758033143383,2.865499922367029,32.76912340764507,18.43715636625337,1.0929631104374188e-07,1.2310938136788703e-07,36.2920288
25.682903791920438,2.986889431403677,31.645343449521594,18.973563639115778,1.0932756591057358e-07,1.2315086436006367e-07,34.789058
18.83947741278768,3.0621423817875058,29.56759675088603,19.61591185118254,1.0948032401990404e-07,1.2336810567348639e-07,33.1419446
8.964278075119429,3.091774168669336,4.8817991551682285,4.168803586005827,1.1506215914390687e-07,1.314578744867633e-07,31.5552156
1.9821126929730255,2.9658888338923677,2.5432195585778544e-06,7.622559887993986,5.364865069706415e-07,3.3403765984077123,30.2065034
0.03244157504406759,2.906113487965522,2.532405725008461e-06,9.37623440667916,5.393198969680149e-07,4.9724464128410455,29.6583491
0.0,2.7266789366733684,2.5319168934824277e-06,9.016876210443929,5.404964017394276e-07,5.724605821023326,29.2233465
0.0,2.5048637327230248,2.5305385629778916e-06,9.087632490399145,5.410566531743312e-07,6.272820816275287,29.4217961
0.0,2.284305403566647,2.528377350232899e-06,9.471273996509254,5.413545479474834e-07,6.714314358026067,30.1333729
0.0,2.0882234505249833,2.5250803053889272e-06,10.298678216760393,5.415477599214329e-07,7.10691705788263,31.7432453
0.0,1.9279339987222752,2.5231964448388456e-06,10.805857560075788,5.416442623271605e-07,7.347022059439576,32.646623
0.0,1.8376558141432036,2.520856422974517e-06,11.561997770049459,5.41721756260836e-07,7.531344320419217,34.1677696
0.0,1.787589320291058,2.5190775396740295e-06,12.219409886380598,5.417729162301039e-07,7.614408521507248,35.4894223
0.0,1.8565004572552466,2.5187235635321503e-06,12.408287037586302,5.417843572217216e-07,7.55501156015357,35.9762781
0.0,1.8203697098650757,2.5179460600746633e-06,12.85246046177711,5.41785140059451e-07,7.421073032322257,36.6778104
0.0,1.771759053211226,2.517706520160755e-06,13.206570092603982,5.417101943460745e-07,7.134262562524727,37.0089891
0.09799681257040725,1.630529082655433,2.5180103727910307e-06,13.556467213876601,5.413814737427539e-07,6.60208077198517,37.1449209
2.458862372861006,1.6065920285057176,2.5264576878715726e-06,11.07931965432617,5.396636927459116e-07,5.22099368480668,37.2490842
9.947311479049851,1.6309919696451716,2.6290994042694864e-06,2.1861064575372264,5.340532637611316e-07,1.1602442529771855,37.2364434
18.186529771389733,1.7450040191507208,26.814726339061064,17.643262165771958,1.1010374593333906e-07,1.242398606713707e-07,37.1520804
24.461934226321763,2.5893811656841743,30.636260155965815,16.46075672553498,1.0981719457108486e-07,1.2382171909457871e-07,36.518123
28.51907020383162,3.4885733603573237,32.434871993010084,15.714479509299787,1.0976398347752568e-07,1.2374652870502677e-07,36.4785379
30.24116194238485,4.317310622779276,33.041973167260075,15.460748062719274,1.0975146693094772e-07,1.237301952869373e-07,37.5725511
29.526532110196758,5.134298234382879,33.01522970662599,15.483034709663048,1.0975152470327381e-07,1.2373076758815687e-07,37.4448004
26.897201051546517,5.916330179412474,32.48693055579562,15.718122022393977,1.0976299539099254e-07,1.237464990855658e-07,36.4919314
22.426208750321578,6.201951076597699,31.10588837950929,16.311662695344594,1.098023776351417e-07,1.238015438839419e-07,35.4570302
16.09694219819881,6.593297571255349,28.561828036835376,17.203711086553724,1.099561862959882e-07,1.240236233094778e-07,34.0474896
9.476965119468222,2.766663083649061,20.10843371803832,15.60877937416478,1.1121450087992876e-07,1.2582585608987698e-07,28.0529966
2.7712985086469275,2.731449329525278,2.56285869826487e-06,5.543158073839354,5.352752626087553e-07,2.3182535871987655,26.8817067
0.06697886814930877,2.6989936502181138,2.538216164682552e-06,8.355634082052394,5.37689323016567e-07,4.0735922425887034,26.35719
0.0,2.524538140642198,2.5369034907869618e-06,8.15923506326751,5.391771367996372e-07,4.896496675072249,26.2357891
0.0,2.2265370921514576,2.5347814005402835e-06,8.334459919012408,5.400183590560679e-07,5.515883002093626,26.5378951
0.0,1.9138415328854181,2.530787694379174e-06,9.086450675716918,5.405323846713605e-07,6.075733654965792,27.8827716
0.0,1.5578900423718833,2.52576432383801e-06,10.369719812812455,5.40867099157253e-07,6.58091844614293,30.1508498
0.0,1.325464717853176,2.522999881170552e-06,11.158005403460134,5.410355538525172e-07,6.891199748210411,31.534019
0.0,1.1573886353532574,2.5201719836876245e-06,12.108792393676653,5.411483167928338e-07,7.120221605374264,33.3324607
0.0,0.9931061228235977,2.51854889462812e-06,12.720264866906282,5.412046615507757e-07,7.218275786095843,34.3247808
0.0,0.9017601632774362,2.5177659692356526e-06,13.078100457553177,5.412229022439269e-07,7.201788253158167,34.8460508
0.0,0.796405418844949,2.516820605781326e-06,13.599514171959024,5.412177446954867e-07,7.100612101621277,35.5960838
0.0,0.721707917753025,2.516768174663822e-06,13.863559944704733,5.411289013563934e-07,6.839576917458933,35.7122783
0.09944612964984449,0.6640922246919913,2.5171642778574118e-06,14.138140865024923,5.408155922730791e-07,6.351910968146868,35.9373689
2.38592919914055,0.6132280194094368,2.525384559008926e-06,11.516153682979775,5.393380799553076e-07,5.082586215010538,35.5439228
10.11583429442874,0.5597732773287809,2.6205039886230412e-06,2.4309962990248133,5.342708791967118e-07,1.3008570269795972,35.8817359
18.59336373636069,0.5217147231218497,10.704795112728995,0.3648574078120886,1.2865500858342342e-07,1.5585565474657715e-07,35.8840509
24.902597503285914,0.5412915871308578,20.947342430070616,0.36111809808146866,1.2786505744438036e-07,1.53691927499874e-07,35.4762783
29.211204561479843,0.6480747447580094,26.803135745059738,0.36079405727711683,1.2762832632961713e-07,1.5294858209906862e-07,35.4673707
30.859261211891745,0.8753962860834098,28.20243355456619,0.3606962998683949,1.275555670026817e-07,1.5270306236770563e-07,37.2188893
30.35664617723792,1.1670484261370562,27.827985822146097,0.3608483484534416,1.2755645056788294e-07,1.5270383037353463e-07,37.3950686
27.69979984007311,1.509646464812516,25.47777377213431,0.36122019386046844,1.2763040859629638e-07,1.5294945705208212e-07,36.1833108
23.122816426420012,1.6956334911595465,20.23169291361199,0.3611910733787356,1.2782904185718524e-07,1.5356910739046547e-07,34.4252449
16.807958642887822,2.0383402194640783,11.550207098170926,0.3631174454731734,1.283510574873575e-07,1.5505499742113512e-07,32.8419933
11.70622095664416,3.641056808542824,5.500308263108943,0.3862653053348612,1.2968454902396782e-07,1.590826593480514e-07,32.3732402
3.1773462303473172,3.870902767141973,2.5558164205779594e-06,6.040939487946851,5.350820867734665e-07,1.7759588423607686,31.0800963
0.06346146341594494,3.901481512417096,2.534958301951238e-06,9.567985256642384,5.359206242093837e-07,2.8147081615761627,30.2379356
0.0,3.5492140468171116,2.53371096800971e-06,9.497899226198806,5.36546220269034e-07,3.2867517663002364,29.6072879
0.0,3.20774315985055,2.532241915859219e-06,9.687593720555949,5.370435192875723e-07,3.625090347706516,29.5587819
0.0,2.9382192218905647,2.530961677625007e-06,9.919384162880833,5.374005220836529e-07,3.8731073702769665,29.6650541
0.0,2.793100049586711,2.5296771236083054e-06,10.223143902509225,5.376501590611771e-07,4.0590820656349855,30.1362661
0.0,2.6868381493056517,2.528464322986193e-06,10.563495103186044,5.37815039667963e-07,4.192087927606573,30.7173118
0.0,2.4540267250073744,2.5254830951134672e-06,11.660985550607428,5.3795095334577e-07,4.335286847354628,32.5641332
0.0,2.2012720620754247,2.523443057686071e-06,12.515934347680046,5.379994406172411e-07,4.3994471268462405,33.8153849
0.0,1.7180375938255246,2.5215522295601395e-06,13.432930315283762,5.379726681672372e-07,4.403783670437461,34.6304789
0.0,1.6361395306057438,2.5207633960261706e-06,13.9589195993479,5.378275567733524e-07,4.309510537810778,35.4554204
0.0,1.6328171251455863,2.5208159037028792e-06,14.247570490620008,5.375129624421947e-07,4.098918125843833,35.8377053
0.2568814214995498,1.6031054564183151,2.5224242575881665e-06,14.08888797710187,5.368690852889064e-07,3.6839919246319024,35.718379
4.267984096562738,1.4505259739008312,2.5373204363607724e-06,9.062808111748328,5.354505447816924e-07,2.549702148294062,35.2989731
12.813722829852647,1.3079969610005338,19.720476191377198,15.613959311274181,1.1094218926330644e-07,1.2546443865857094e-07,34.9922291
21.22736514959193,1.6079225455553074,29.972969892702526,20.20330066130077,1.0931155895377043e-07,1.2313554315588107e-07,34.7571966
27.194177847090568,1.8732066067556556,31.860344406439786,19.597799708307733,1.0919085919192302e-07,1.2296589137353366e-07,34.3638123
31.462141969706554,2.053986494123215,32.841501295463004,19.12575081638172,1.0916634783732656e-07,1.229346145668835e-07,34.807607
33.55487864485847,2.246726014634179,33.10629666833518,18.99717534772398,1.091606567742973e-07,1.2292847644154203e-07,37.1490747
32.74027340027755,2.5005433954463108,32.94781391231158,19.097983557727073,1.0916200836522303e-07,1.2293015044270007e-07,37.4565853
29.79350678606079,2.9796119311078333,32.49464421544912,19.322565731048257,1.0917308782979395e-07,1.2294395559080407e-07,36.268305
24.46183774450252,2.815269840559275,31.318800016470924,19.88260966905132,1.0921082454222704e-07,1.2299423127334882e-07,34.5092604
17.11509683199789,3.4903610783188355,29.333173291022817,20.406427681323333,1.0937196784970975e-07,1.2322262740058328e-07,32.6124375
11.488637639773383,3.4618567450615396,22.161660275066527,17.290275061798223,1.1049704304876718e-07,1.2481158409161947e-07,34.792674
3.317323080715736,3.697014582206324,2.5491454260298864e-06,7.365607849203843,5.35059962089939e-07,1.639640759356396,33.4701791
0.09327029180389595,3.8459981991760603,2.5336593945120114e-06,10.878768153747528,5.353734291656044e-07,2.3628821018933843,32.3502257
0.0,4.011395006840439,2.5331815670821003e-06,10.358642159477945,5.356210261889393e-07,2.6574944556014977,31.7339904
0.0,4.13382662801509,2.5332626656322537e-06,9.966593208262234,5.358439361605868e-07,2.8437949621021295,31.428136
0.0,4.255908253488347,2.532534983882319e-06,10.01587760116454,5.360339123745544e-07,2.9916566686008825,31.9623108
0.0,4.234897441164675,2.5306183517699027e-06,10.603083109359524,5.361961237270304e-07,3.127745507786188,33.2367088
0.0,4.168653754006939,2.5287811931510604e-06,11.267440545180861,5.363070359130239e-07,3.227575136076573,34.5358818
0.0,4.107195907717836,2.527987255724844e-06,11.5718099463491,5.363496890308094e-07,3.2684477412817152,35.0593291
0.0,4.175037659498208,2.526927264649512e-06,12.05882591421743,5.363465348669233e-07,3.281874021507222,36.2274772
0.0,3.6855827730741013,2.5249162049027166e-06,13.108501021205285,5.363037874473634e-07,3.2778589740965987,37.2812069
0.0,3.867193733549882,2.524671491528686e-06,13.425756568865117,5.361601478424839e-07,3.184642438569897,38.2613645
0.0,4.000686562413183,2.5252038973872906e-06,13.549443733584294,5.359116898521713e-07,3.005142791307718,38.631291
0.348101040955123,4.067776695216956,2.527087379704706e-06,13.378062946873724,5.355268671596042e-07,2.6740165392115043,39.0516362
5.34156356961699,3.859633212504632,2.5484921721453024e-06,7.205794217067368,5.349184939119066e-07,1.7330036983319521,39.3695691
15.102897029420674,3.5677167453113947,27.156634566382873,20.844230963405536,1.0956573339036963e-07,1.235096974266534e-07,39.8795677
23.99698775204523,4.797868105720545,31.04639563427352,21.559698375363517,1.0895919493664104e-07,1.2265632454747532e-07,40.1322574
30.07525047372847,5.684237792361709,32.271515476306206,21.204814461402016,1.0888745774875705e-07,1.2256279503386775e-07,39.670284
34.1192097820909,6.324969898525341,32.84165750699033,20.935284057175927,1.0886937831122496e-07,1.22544264000044e-07,38.5844993
35.95910496973789,6.9331630218258224,32.97728663262516,20.853953345667986,1.0886370060909611e-07,1.225406677644818e-07,38.2937825
35.39904359560284,7.575841502617848,32.82631590928777,20.956035871392775,1.0886428783472496e-07,1.2254221580247004e-07,39.7201136
32.87217096526807,8.207614287433561,32.64309925546711,21.05668740306207,1.0887198283488477e-07,1.2255052842934245e-07,39.8715581
28.179019288156727,8.187459028544287,32.17325190887178,21.291482794682906,1.0889034692554858e-07,1.2257042747743328e-07,39.0593138
21.006659327291555,9.119964368091363,31.27566980812631,21.567649074359146,1.0894570723349241e-07,1.2264160137236254e-07,37.3668065
11.29151686798501,5.66587998821322,28.71547873275682,21.876354321867787,1.0919138386100547e-07,1.22978103651326e-07,29.908735
3.2124225765106362,5.916716128234225,23.721009286599212,21.938119526585513,1.0976101355205861e-07,1.2377921746253434e-07,28.6353942
0.1187190309974387,5.979482049177285,21.680824036305108,22.57763729670477,1.100146329848156e-07,1.2414937324890678e-07,27.5627571
0.0,5.935017599956907,21.255698012184524,22.350016298183213,1.1014689564284503e-07,1.2434467052215342e-07,26.9125851
0.0,5.564651801538206,20.91979982850483,22.298153004984602,1.102337793844283e-07,1.2447371291943427e-07,26.4857003
0.0,5.181874377108906,20.605110868880022,22.37106958664319,1.102943918806453e-07,1.2456420669405536e-07,26.5169753
0.0,4.732033967123464,20.301153146041933,22.534565278934952,1.1033610339341744e-07,1.2462685098164245e-07,26.7509327
0.0,4.257841243190197,20.13532112303014,22.613328597122983,1.1036144044440687e-07,1.2466503290431805e-07,26.3159254
0.0,3.7240597571933245,19.893460495195672,22.850938472252864,1.1037400293091438e-07,1.246844026214142e-07,26.5611777
0.0,3.24768322714334,19.613543100302422,23.205985527261916,1.1037393326114825e-07,1.2468503743901716e-07,27.5295842
0.0,2.733643677529629,19.41935461835013,23.531011803765804,1.1035893750222134e-07,1.2466317176916316e-07,28.1714032
0.0,2.4132785301947224,19.344751560181006,23.790857110980415,1.1032553714991724e-07,1.246135151313507e-07,28.7996141
0.0,2.2902477574398103,19.4403387337991,23.958424848587097,1.1026534930226819e-07,1.245235461169567e-07,29.2192544
0.5531177718597333,2.0722001838746387,19.87983832837456,23.94728697380917,1.101544960482895e-07,1.2435812136121796e-07,29.594078
6.159464221317341,1.8035085266854203,22.87346976018191,21.982028020835,1.0987995788364704e-07,1.2395289503634212e-07,29.7067933
15.382414249066512,1.8096931426970875,28.96644825961279,21.76585921502326,1.0917514240341225e-07,1.2295490203216911e-07,30.2015398
23.696858274122352,2.3251345872487397,31.360808915114195,21.394665177142667,1.0895426564780854e-07,1.226473207384254e-07,30.3761472
29.563889937568234,2.7307232978988574,32.44242178496972,20.972451679902438,1.0890664417416088e-07,1.2258594645234614e-07,30.5593084
33.29830545427492,3.065074737405185,32.96163859851632,20.703534217588246,1.0889219002802959e-07,1.2257007190481498e-07,30.7865042
34.903999752358445,3.2913284786038592,33.121351074045506,20.609386781674615,1.0888816465957324e-07,1.2256648242702514e-07,31.4889666
34.10385948313004,3.5596607807069574,32.90260560166334,20.75343733289989,1.0889063046390565e-07,1.225689615413601e-07,34.0834584
31.316923773182687,3.8917240267653135,32.54769543454839,20.930972156575482,1.0890211729589512e-07,1.2258182140741762e-07,34.917965
26.391364603089144,3.532107003670953,31.771983959753488,21.25509872925942,1.0893396876653659e-07,1.226211212850738e-07,34.1564899
18.785959884534797,4.01950249838014,30.30255510599311,21.52052069145517,1.090684540508532e-07,1.2280614224553336e-07,32.6271028
10.483456838468351,4.4951106782953465,22.577326732076205,17.742496739349235,1.1042577576323478e-07,1.2470993465242745e-07,34.5643539
3.3569631205622428,4.175936965540235,2.5556074175369688e-06,6.109720451942974,5.351935496995017e-07,2.567302428527045,33.1670142
0.16469196211004727,4.205190276012312,2.534359908692576e-06,9.178897393209038,5.378034866790581e-07,4.348336727919444,31.9690569
0.0,4.1809536712321025,2.534148899881521e-06,8.693896839817628,5.392210809188198e-07,5.09497513722145,31.2628766
0.0,3.7834152642682417,2.532748481452323e-06,8.742646123690534,5.400058533105374e-07,5.6489857214072625,31.0230836
0.0,3.478171586737652,2.5305569596481587e-06,9.10220644061899,5.404622427691213e-07,6.0984531772404935,31.4994151
0.0,3.275635532819276,2.527025331766978e-06,9.95789887941014,5.407662354050898e-07,6.510214501051536,33.1639187
0.0,3.038039500474546,2.524413636469567e-06,10.680753746658052,5.409418844026288e-07,6.796690039117551,34.3695671
0.0,2.825716951843666,2.5219891820834917e-06,11.458881926151255,5.410537913658021e-07,6.9984734518147365,35.6728513
0.0,2.657176145700554,2.5196384252835213e-06,12.33025971149638,5.411266376385549e-07,7.12238183303295,37.2065061
0.0,2.058719952628949,2.517003536685602e-06,13.478357422564198,5.41175601280488e-07,7.1771863382123104,38.2907065
0.0,1.927975562441541,2.515770633829879e-06,14.159605269939034,5.411484635061786e-07,7.0769306201615345,39.3309512
0.0012624647833259378,1.8666674411484128,2.5153672774613707e-06,14.624662735396253,5.40996929558786e-07,6.8076906949401215,39.9084558
0.6013858872745489,1.6306954884903133,2.516533034009028e-06,14.605941786761328,5.404481760202048e-07,6.232094282438645,40.4345777
6.0035103801715115,1.4939491664108429,2.5357635938538942e-06,8.253689442731092,5.377515328788388e-07,4.333976840902725,40.5354161
14.40325688365514,1.362685254892251,1.507924887809195,2.6899909019366965e-06,4.795645687191311e-07,2.399552315249599e-06,41.1275067
21.898020553831415,1.2453086826952786,13.577550046195388,2.590510243961323e-06,4.787025679289212e-07,2.3519524120062476e-06,41.2536971
26.727424692177213,1.0260153297357752,21.097483879525353,2.5842717465365985e-06,4.783699020952129e-07,2.346466332913032e-06,40.7741889
29.981967957820554,0.9664475759685306,26.007106847508656,2.580643358139349e-06,4.780998180118369e-07,2.3454816823799668e-06,39.6148614
31.601137591457153,1.1380826399892938,28.206916219672426,2.5790338309092017e-06,4.779651156028659e-07,2.3454381922313485e-06,39.3206039
30.451221999754097,1.3943138614733752,26.550138303082537,2.580391540187576e-06,4.780096461803079e-07,2.345575743995828e-06,40.6621682
27.45305487758938,1.6671092817895266,22.647684749840344,2.5833796520446395e-06,4.781789175270557e-07,2.3461681322139754e-06,41.2116287
22.779457039804637,2.1782217593091935,16.53859216914273,2.5882089523344094e-06,4.784370923315032e-07,2.348562578688918e-06,40.6632885
16.325172266971194,2.6236297961572133,7.375396490883184,2.607477193529079e-06,4.787923908000552e-07,2.357886729604436e-06,39.2259856
10.093883482902015,5.298106512926802,4.008302016451105,2.6368954395910827e-06,4.789547631906645e-07,2.379426095658959e-06,33.432387
3.099598410299671,4.899367613914055,2.5655916678625802e-06,4.803550103694797,5.360532432026738e-07,2.9563443057841505,32.0174697
0.20309438572330168,4.599904639593021,2.536926381921905e-06,7.968363789872825,5.389178228831861e-07,4.85379142702963,31.1279691
0.0,4.336656898721052,2.5359366530113486e-06,7.817539996430787,5.403187204471525e-07,5.681337764156646,30.5031432
0.0,3.846950038538806,2.533751180820878e-06,8.030773380255226,5.410195009767875e-07,6.333112594368364,30.4700118
0.0,3.2773694594782516,2.5302156443459146e-06,8.653272014699741,5.413952456250965e-07,6.907187541496545,30.9813898
0.0,2.736835202561446,2.5253704912375523e-06,9.812973018224099,5.416309230484729e-07,7.440910305186775,32.5971084
0.0,2.235628501590263,2.521704164837898e-06,10.865250072048411,5.417611332626242e-07,7.819855755223922,33.9594292
0.0,1.8138860464156417,2.518277662311e-06,12.030192961604238,5.418555503122568e-07,8.095720928023363,35.6593554
0.0,1.4924194353605598,2.5157062803622805e-06,13.037445210696246,5.4192790416342e-07,8.243111442646818,37.1676244
0.0,1.097607049836595,2.513529260554074e-06,14.035301539536192,5.420011200066988e-07,8.280765330550365,38.4090164
0.0,0.8642666693434992,2.512347692548729e-06,14.723032663999938,5.420685534135068e-07,8.165122169182435,39.2282414
0.005442599773519838,0.7614166673491278,2.5118797552914106e-06,15.23443202422827,5.421124957567571e-07,7.858764010409146,39.7971958
0.7189931028254098,0.7509788148109169,2.513737431888295e-06,14.86738415321884,5.419160122632004e-07,7.145663702661334,40.2679868
6.083834545385048,0.6020917856851639,2.5320609219376065e-06,8.859096785467159,5.393397445968103e-07,4.802167978497651,40.3965415
14.320013460642892,0.6104118761521014,4.746029833176535,4.034452221144159,1.162531131987117e-07,1.3251262333048907e-07,41.052463
21.91424333442756,0.6362000505469539,21.85714236351141,9.07302720043153,1.1126242102681557e-07,1.2595943175161638e-07,41.0809068
27.30524923075092,0.7648412460925409,27.66976987569394,8.089064252535943,1.1092402943335997e-07,1.2538561666047806e-07,40.5357913
31.008961939363704,1.1254537856783675,31.075199841713122,7.563844466961147,1.1082817415758938e-07,1.2522344917300274e-07,39.5822921
32.560480145470045,1.6337300928701568,32.443159144044145,7.360055955553767,1.1079925382093755e-07,1.2517401221379765e-07,38.9976133
31.637677731702674,2.1830937970919946,31.8718485457962,7.45115750413651,1.1080518897820962e-07,1.2518394347491408e-07,40.2371016
29.112912728930777,2.6915467752502997,30.224295315455773,7.69977433875443,1.1084645849544302e-07,1.2525342174363662e-07,41.0563016
24.421930422379273,2.9469281042181628,26.54995455685495,8.28756176100184,1.1096465415352527e-07,1.254516944374654e-07,40.7338716
18.14028594716946,3.1753636890819177,20.69707073019104,9.35443258984078,1.113488668744769e-07,1.2610137943118553e-07,39.1341622
10.609159874495264,5.4102587369530335,11.459527806584518,8.996563674960747,1.131060587450598e-07,1.2979602463735925e-07,39.3658469
3.6042922355681695,5.650107739254832,2.5521141730434e-06,6.216347805819917,5.361151529068601e-07,2.8877454456631053,37.7637074
0.2722895659982756,6.0461908122131245,2.5329817172521755e-06,9.063314938267814,5.39390329789317e-07,4.820592373804229,36.7226601
0.0007210777474105361,6.232580543699722,2.5337252188493184e-06,8.41098817907543,5.407424652122014e-07,5.600843684359772,35.8963335
0.0,5.793192125968125,2.5324870006572575e-06,8.424434443167284,5.413797809409542e-07,6.199128515853895,35.5327394
0.0,4.944170636360922,2.528765903895518e-06,9.144540804097979,5.417366749844299e-07,6.760684759296492,35.5925608
0.0,4.204890599583636,2.52467803633086e-06,10.156114348399859,5.419421520373328e-07,7.2314373219019705,36.4055525
0.0,3.643082385706477,2.5221188032879557e-06,10.865353122871337,5.420422569378879e-07,7.535143137950191,36.8648569
0.0,3.219844240469566,2.5186386361213983e-06,12.036003204019437,5.421346088140288e-07,7.795497205373788,38.5563392
0.0,2.8725805736679972,2.516200596250867e-06,12.9792595875232,5.42199394748709e-07,7.923666530737754,39.8516106
0.0,2.3234462498508472,2.5138542186696773e-06,14.043781733440852,5.422664507523918e-07,7.957506751812046,40.8746984
0.0,2.2471975565388256,2.5130376434125107e-06,14.553058170872472,5.423058969848577e-07,7.818269981917371,41.6450414
0.007726142716626454,2.1087607836520084,2.5125289610324824e-06,15.08408545802169,5.423049626272439e-07,7.506777767551124,42.171868
0.7757796669976265,1.985834599505442,2.514534884627953e-06,14.679673958307712,5.419852714822447e-07,6.785530345546102,42.4535396
6.026790641722606,2.096407075124308,2.5341013176036736e-06,8.47388337647661,5.390772062237976e-07,4.44354305857338,42.5098108
14.200968491196917,2.1380574944968047,3.210384283108859,1.9705795346963655,1.200828948848014e-07,1.3862642686087172e-07,42.956237
21.741640640035,2.090637039600569,14.848206761956842,1.3540885686403508,1.1611177816250723e-07,1.3426577246332542e-07,42.982167
26.959236584174924,2.0351216478231757,22.895697255604215,1.3205443335626885,1.1569765159830392e-07,1.3346806875080442e-07,42.4263641
30.499022303695163,2.080530162078665,27.847621897577746,1.306232597174256,1.1557159828906562e-07,1.3322113179282167e-07,41.2648349
31.97033831805188,2.305934262357485,29.86565639403619,1.2996873911029596,1.1553318125174987e-07,1.331448013101689e-07,40.4531504
30.92068887614886,2.6880607818345332,28.854871664210428,1.3034034136516486,1.1554520531577569e-07,1.3316861365564905e-07,41.1660605
27.903872654993485,3.173295139259363,25.57705128202733,1.3135502000144041,1.1561200588083062e-07,1.3330057716919423e-07,41.8321912
23.66829751402766,3.632156310424713,20.398402151021845,1.3278056981753585,1.1579461678350556e-07,1.3365863423256276e-07,41.6815479
17.120918817370818,4.326149580426852,11.455693090765127,1.3929344011760423,1.1648733386383556e-07,1.3500602202821087e-07,40.8994926
7.873399497557427,2.940881589450472,2.595589733058182e-06,2.9539901547250116,5.375623605777894e-07,3.0876761917306466,37.717525
3.0221349551802446,2.9964721833809436,2.538928486716388e-06,6.0175480948337805,5.437901496360153e-07,9.234585173793617,36.1122554
0.3232180220940774,2.9994158356753484,2.524971403371589e-06,7.892185789261907,5.430302347504041e-07,12.21806633320825,35.1335344
0.0035059103139028556,2.7232789137350424,2.52434156723312e-06,7.707817304827218,5.426153775533389e-07,13.374065658931777,34.4045379
0.0,2.388273826876099,2.5240363976469554e-06,7.578545443155346,5.425304337737935e-07,14.107457260064091,34.1176991
0.0,2.035966760008485,2.52244754509739e-06,7.780033155995566,5.425710179912574e-07,14.70481593375906,34.3124237
0.0,1.7682083743703798,2.5195701046758742e-06,8.331519253359238,5.42663445045647e-07,15.2367462946562,35.3249863
0.0,1.4946808589554448,2.5172207244472842e-06,8.848812517247053,5.427494758809172e-07,15.62294648656895,36.1152246
0.0,1.2837567835519614,2.5142500851893422e-06,9.633548385360767,5.42837722520616e-07,15.95347062932086,37.5324868
0.0,1.122326040324722,2.511708595188192e-06,10.414957582010365,5.42904781385781e-07,16.172254977324013,38.9568802
0.0,0.8859544268430545,2.5099252610173603e-06,11.05023325427458,5.429437703770069e-07,16.264025413905625,39.7984389
0.0,0.8117271090354136,2.508999814225761e-06,11.444405808564401,5.429540703453602e-07,16.21766286793048,40.3863965
0.010495990604026078,0.7223128812092849,2.508320610019665e-06,11.817170292285297,5.429547681557616e-07,16.050271572280618,40.8059355
0.6795812768453268,0.6543794477140198,2.5099067400227316e-06,11.338032697934011,5.429404663408769e-07,15.594255852753792,41.105874
4.488055221716741,0.6192733013549462,2.525841143882302e-06,7.033625547055,5.428931391872823e-07,13.910383836505716,41.5475997
11.131727085369008,0.64324484936611,2.6616602552060575e-06,1.7142836420017138,5.431736659449598e-07,6.015014004544857,42.3138984
17.218852772148576,0.7575843263792392,4.407472149086626,2.5997348567353344e-06,4.893716098479873e-07,2.6759403831160123e-06,42.6137346
22.313067998075994,0.904868862786358,13.180456169107565,2.568310274806498e-06,4.87821739712968e-07,2.627349459763387e-06,42.2663396
26.17993653491011,1.0786740460816584,20.048516780567088,2.5587441609659647e-06,4.870594096454981e-07,2.615250585544919e-06,41.2464682
28.300657601781,1.3189962759837393,23.684782427940622,2.5551986475261103e-06,4.867604371022692e-07,2.6075295811885856e-06,40.5906427
26.540581763843203,1.6231105625977953,21.254810288242027,2.5576845665904296e-06,4.868462858190951e-07,2.610095247260457e-06,41.1947578
24.317459578992647,1.8765259175805413,17.901874193248684,2.561435567193349e-06,4.871316164577043e-07,2.617079828485981e-06,41.7701996
20.119263692557542,1.6894868158795093,11.095614828869165,2.572769966628482e-06,4.878472323805999e-07,2.6337751808960866e-06,41.4408703
14.670566665941353,1.9890546052456173,3.243304229413748,2.599147370815859e-06,4.890111776107481e-07,2.7776207463310255e-06,40.2402767
9.528819274134829,3.4226488986657144,2.7383319178139704e-06,1.1274485841493085,5.440620287839045e-07,2.902652578977558,39.873107
3.523559430046823,3.741076275967862,2.5494320464163668e-06,4.406020515802801,5.43302401686461e-07,11.383346414982201,38.2952647
0.40215749877119233,3.8454629782317884,2.526562070706803e-06,7.206645231413199,5.430092335499666e-07,13.528027031290547,37.2545129
0.005617563956532502,3.7674355237887984,2.5260360942551233e-06,7.21018120992643,5.427057497934195e-07,13.899513260748058,36.3351787
0.0,3.645135588150852,2.526631281900278e-06,7.022080627584149,5.425381323279841e-07,14.094202022299658,35.8705696
0.0,3.56057691854571,2.527246473527029e-06,6.862694321992519,5.424472020520777e-07,14.216326893648287,35.4907304
0.0,3.4076894317599145,2.5263053003428866e-06,7.00528083034653,5.424212473454741e-07,14.386318967517433,35.5922222
0.0,3.1422377570621407,2.5249414394526835e-06,7.251987286369898,5.424269254369303e-07,14.52935559931116,35.6138092
0.0,2.8256300504596807,2.5215023394466147e-06,7.986527592865253,5.424804482057351e-07,14.756985621845752,36.5638543
0.0,2.4644549162452236,2.5170546341489816e-06,9.152615511571858,5.425622369898909e-07,14.982808721829446,38.278508
0.0,1.6741545586417736,2.5130152219938004e-06,10.495039000014117,5.426547260765419e-07,15.09414561943232,39.2821015
0.0,1.499231432064483,2.511731514634654e-06,11.071863423641064,5.427371922449328e-07,14.920228002327114,39.8784698
0.007725234759387416,1.378924844096013,2.5109688930345224e-06,11.576708268324131,5.42894342574117e-07,14.552541826331199,40.2843238
0.6581150325585873,1.2133651529458447,2.5123764298368565e-06,11.391057874161772,5.432645399994591e-07,13.75257512634265,40.5608854
5.363609938822293,1.1350648925658111,2.533742914366033e-06,6.240419001138174,5.436747838460559e-07,10.814723674658548,40.5356982
13.148677939148813,1.289552758660786,5.338667323363151e-06,0.13174427724407864,5.555451337334047e-07,0.08588992219804342,40.5461046
20.210563767144507,1.5481249585099208,11.571269678991067,2.581749074526439e-06,4.808400735967781e-07,2.432140700781244e-06,40.513073
25.324332445192496,1.7785076476315236,19.937307892060904,2.571035859702586e-06,4.803963076643408e-07,2.4146404640838084e-06,40.5637053
28.657311848946687,2.0039780183925138,25.209806963489857,2.5660225650446785e-06,4.801560084013104e-07,2.409625293063235e-06,39.852196
30.262877334599306,2.2270614441328225,27.470645448179067,2.5641257721339117e-06,4.800494628349299e-07,2.408156452982593e-06,39.7028077
29.686689841440124,2.547734444778222,26.523756009793562,2.5649594386241494e-06,4.800759530314099e-07,2.4086762863800837e-06,41.0347276
26.826918518834745,2.8508676565320825,22.67477805760277,2.568432289598456e-06,4.802306124419382e-07,2.411530944180868e-06,41.9005127
22.23556938369343,2.4863762054894663,15.717925924408224,2.576066205687911e-06,4.805333581627538e-07,2.4201147626598703e-06,41.1356454
16.356232143038046,2.7494448852294666,7.498571736532999,2.591956017250992e-06,4.81145273056845e-07,2.450562301291896e-06,39.3351781
9.88749144933345,2.594792097718156,2.6311957593346965e-06,1.5400592789520768,5.392515559719235e-07,3.078475635448499,39.9677398
3.8052991238318334,2.931897661978194,2.538279042290082e-06,5.630025676219985,5.430666578768474e-07,10.35976894777945,38.578669
0.46007009196778825,3.2832463731372443,2.521977303727156e-06,8.353563555266636,5.425406011130912e-07,12.806765950165675,37.6722946
0.006583137425802873,3.4839908848293817,2.522742255353239e-06,7.924224486569994,5.422363304287945e-07,13.546426963328077,36.7457243
0.0,3.410172536910762,2.523992173800018e-06,7.503759417322338,5.421626703374619e-07,13.999920795712262,36.1911337
0.0,3.059261175710545,2.5227360934164064e-06,7.672246733048234,5.422063327381168e-07,14.466135163879759,36.1915651
0.0,2.6159011332621747,2.5196774020549497e-06,8.300003900444718,5.423029520286675e-07,14.935714511047163,36.8900626
0.0,2.254204238508897,2.5174100747551686e-06,8.826985745006233,5.423856756873863e-07,15.260096408836402,37.4358132
0.0,1.9384190507382961,2.514251492965509e-06,9.703507409868402,5.424743289745735e-07,15.55552515543997,38.7618753
0.0,1.7487248274526286,2.5114155277586814e-06,10.627206207233213,5.425433134897333e-07,15.747805779341556,40.3844057
0.0,1.4584028270540266,2.50918135099493e-06,11.483946973275675,5.425876509511528e-07,15.818901689705864,41.5383392
0.0,1.285235843094617,2.507854554264345e-06,12.097769681564042,5.426037561549196e-07,15.738473050365638,42.3235762
0.006148084096723092,1.1961634089284294,2.5069748102717762e-06,12.629159862963924,5.426092444599094e-07,15.498904423352597,42.9952419
0.678950158230106,1.1641986444459085,2.5084170407181077e-06,12.234105553498138,5.426171959855873e-07,14.906088884531094,43.4125342
5.09522563124636,1.0906633172766942,2.5249440671244982e-06,7.364747502588368,5.427753188202973e-07,12.870011209096383,43.9438964
12.50169930925699,1.0919169716372068,2.67238203037071e-06,1.4401079518855293,5.42633936222923e-07,3.80336459840566,44.4871459
19.544110520636647,1.1299294837096003,7.541024126750451,2.5859290298739015e-06,4.84793277085203e-07,2.5816784522235074e-06,44.6294069
24.406243737064926,1.2580414966236417,15.819344432069407,2.568802095479035e-06,4.830813359233639e-07,2.527113802508193e-06,44.3524745
28.19554538496008,1.4829812758134502,22.385019310094794,2.56116059032213e-06,4.824222784292259e-07,2.5084493850552315e-06,43.3187365
29.074903424399377,1.7618477415427427,24.406747220852207,2.5593905168582743e-06,4.822115489566458e-07,2.5029088871831276e-06,42.2815321
28.36745279359467,2.108604114596399,23.696688197978954,2.5601205646393594e-06,4.822276278978773e-07,2.5032640548206725e-06,42.5568466
25.93080390313162,2.497725088460248,20.26797081580824,2.56363625099791e-06,4.824702263559382e-07,2.50952850008609e-06,43.3313653
22.163157385934458,2.6976164872027137,14.815881658551582,2.5705847628084442e-06,4.830456818061304e-07,2.5251050361923906e-06,43.0351955
16.188352371009465,3.0032634988637796,6.142726971746285,2.5923362153805756e-06,4.845154424669924e-07,2.575265751186258e-06,41.7947481
9.309565698694698,2.869718514074306,2.664873864546548e-06,1.2500917421912159,5.41289652168856e-07,2.575663299025315,37.8970401
3.396638677366013,2.882413789825221,2.540880729095745e-06,5.494546661141744,5.429474539895645e-07,9.907058512132082,36.5813218
0.4663224280038649,2.9046330949621395,2.5248929892131766e-06,8.236912330760621,5.429685733259098e-07,11.673155333791778,35.4426359
0.0067630375248448294,2.738159480021219,2.5236878708075772e-06,8.35800331598183,5.426233227497774e-07,12.161165155242841,34.4951027
0.0,2.4127749852326272,2.523352281915898e-06,8.313840003936216,5.423778279665089e-07,12.461246159000558,33.9525002
0.0,2.2497426801932985,2.523756414169676e-06,8.131178403054996,5.42216568790473e-07,12.619573233251208,33.3820927
0.0,2.1076231906940217,2.524258205029848e-06,7.963340766030907,5.421204443114738e-07,12.698534727938211,32.8083304
0.0,1.912052833698088,2.525179085866435e-06,7.731628915430388,5.420675897289541e-07,12.686241817050197,31.8953216
0.0,1.6852573300496887,2.5232068290958434e-06,8.196644233516334,5.420920717917844e-07,12.814594151774482,32.4231937
0.0,1.3980345691367375,2.520751747746878e-06,8.867039511799753,5.421618186700626e-07,12.911268142495393,33.1925256
0.0,1.0060105254719311,2.5178182010481535e-06,9.811397455451822,5.42284373351158e-07,12.960910774650577,34.2323794
0.0,0.7779988553211947,2.516539701802477e-06,10.363017990710663,5.424564753819264e-07,12.80325541400335,34.6616425
0.0037600780894375225,0.637948091761927,2.5157292048879497e-06,10.875151915570779,5.427341319470119e-07,12.47470723831118,35.0540106
0.627872609568702,0.48047382715037307,2.516705452431107e-06,10.890121658041807,5.431328244369301e-07,11.792690029280323,35.8012586
5.170929562068004,0.40466432045063966,2.537603997350055e-06,6.021941263316002,5.424765727965506e-07,9.196156837741984,36.2707582
12.543021099801333,0.36562743378387613,5.07121464056873e-06,0.13632794420223596,5.526225113199737e-07,0.09508821918137896,36.7426538
19.88982789766917,0.3798496981847111,11.513059685427471,2.581774082493496e-06,4.80859423476187e-07,2.4442940489597904e-06,37.0568372
25.236183339491056,0.4728636409829502,20.18716727148633,2.5701108441837097e-06,4.803954544748163e-07,2.4257243202625777e-06,36.8880205
28.621011600337983,0.6269613062776284,25.263077634791678,2.565209306233292e-06,4.801654755527866e-07,2.420237625896661e-06,36.5321524
30.17198147900335,0.8687493365940036,27.25202744006049,2.5635311602146386e-06,4.800706316985294e-07,2.418656077451958e-06,36.9252834
29.36158689569066,1.1972540036856971,25.82676472453737,2.5648292864814405e-06,4.801113661154293e-07,2.419420023198065e-06,38.6795033
26.903140719521275,1.60044618349368,22.028230454348193,2.5683878741210487e-06,4.80272138438172e-07,2.422799761253178e-06,40.5990314
22.1550943600334,1.8990202930217766,15.301636733503187,2.576067996528176e-06,4.805989378799887e-07,2.4327411066044586e-06,40.3160817
16.33949295303389,2.461859171402396,7.396022505379749,2.5916653182013294e-06,4.813647873497235e-07,2.4683994162177734e-06,38.8110539
8.606298205955296,3.555444528845862,2.6150065385144626e-06,1.9187738031498884,5.405404247094523e-07,4.50554319472068,40.6684295
3.288950453282447,3.461801393861549,2.537542880963078e-06,5.515030799815452,5.428551656362636e-07,11.328222372667902,39.0768441
0.42659746130820614,3.3225896286959555,2.5218358267916737e-06,7.999328141659548,5.42310241707879e-07,13.861660020029161,38.0349226
0.005046063959302543,3.17136016194624,2.521572155552555e-06,7.823980741420542,5.422106274591085e-07,14.719460673348264,37.0154833
0.0,3.0887406713134924,2.5222308428123046e-06,7.52314429266096,5.422507175577489e-07,15.235830320825292,36.7431775
0.0,2.7700941535786545,2.5215539609832862e-06,7.568410636257445,5.423399479326737e-07,15.680570950598378,36.5535633
0.0,2.4513513499154693,2.5193176806022463e-06,7.998326942637904,5.424512568133421e-07,16.112978617816005,37.1079328
0.0,2.222072942393314,2.5175729100694364e-06,8.36860816933602,5.42539220747432e-07,16.419506082364627,37.6250404
0.0,1.999400373514753,2.514393218712855e-06,9.196725083829364,5.426347235802109e-07,16.737252170093907,39.0821345
0.0,1.7585047806596794,2.511436947004858e-06,10.107882421365588,5.427066629645943e-07,16.960990738781366,40.5844292
0.0,1.3337835251786592,2.5088356630079806e-06,11.059734049956877,5.42751922918069e-07,17.08132744011402,41.6642524
0.0,1.2578168713902256,2.5077212151590805e-06,11.552443016786208,5.427477934545281e-07,17.020913879082467,42.4366933
0.0011381754259030506,1.1356252731464422,2.506508497343411e-06,12.18332527623627,5.427250161268881e-07,16.849500325763493,43.2849516
0.48793784249967087,0.9800781108818307,2.507114967266574e-06,12.115338783873838,5.426567543294628e-07,16.389875313504582,43.7047571
4.74231626762432,1.0006387669917611,2.522991539490737e-06,7.257211678273306,5.424909740777218e-07,14.52503418949863,44.1961529
12.120221559196175,1.0420123297257604,2.67251413257151e-06,1.475253940778922,5.430630066748284e-07,5.05688804755612,44.6138966
19.41252774699031,1.0992755362814,7.04735977880438,2.5850941342938956e-06,4.865813525281103e-07,2.6809401998615924e-06,45.0349842
24.707089375056206,1.1797491363694248,16.170247628649754,2.565795247308073e-06,4.848326742843384e-07,2.596846508147054e-06,44.3932021
28.65926417558631,1.3022613438593351,22.68069078701672,2.558532505702697e-06,4.841582050249079e-07,2.5673747084936537e-06,43.6169743
30.3556636381185,1.5044324824119553,25.58956561965163,2.5560026712210945e-06,4.839308703188827e-07,2.5573749560246466e-06,42.7262531
29.073612677894516,1.7259716851514375,24.078481591777447,2.557392089147108e-06,4.839986275607523e-07,2.5601945579128666e-06,42.8784161
26.01096498642449,2.0665287741254286,19.646703568688906,2.561803639521137e-06,4.843434774648757e-07,2.575197997667197e-06,43.7483886
21.42451750973713,2.326216476771827,12.751504156900866,2.571266945053652e-06,4.851548918761669e-07,2.6134599788765033e-06,43.7022891
14.873506095295177,2.9180652713023827,3.328844099783383,2.595133178832768e-06,4.869458010050758e-07,2.7966643804316376e-06,42.7799282
9.219317641134229,2.617538019203712,2.700019556147112e-06,1.0957964678783298,5.434564118358561e-07,2.985828577829154,37.1865252
3.149633782737645,2.77927118125999,2.5448589466492058e-06,4.320934184746945,5.427667089371163e-07,12.327974389363419,35.8320502
0.3358251450267628,2.987510220271207,2.5274134895435913e-06,6.504846926060226,5.423049745352153e-07,14.547097253564989,34.7734419
0.0022854209534009123,3.0556606807897078,2.5281666326416265e-06,6.254022508988228,5.420617277454189e-07,14.988797642776222,33.9420776
0.0,2.8869677846448036,2.528138801512807e-06,6.17715052167681,5.420036095588549e-07,15.369177049184778,33.7856785
0.0,2.6447793638754065,2.5270681971883616e-06,6.299428153042732,5.420259756260056e-07,15.740658072972533,33.8453047
0.0,2.4569908572457755,2.523630787795999e-06,6.884514691569976,5.421060245821761e-07,16.216976644659926,35.0364538
0.0,2.2728597817940632,2.5207271414776384e-06,7.459723027728034,5.421827944123739e-07,16.579177491980637,36.1072553
0.0,2.045792403115165,2.516997625270553e-06,8.35026127201566,5.422676533774217e-07,16.93202308055747,37.6991857
0.0,1.87942476056259,2.513567555681117e-06,9.334791833805678,5.42337374676271e-07,17.188456361554593,39.5352871
0.0,1.5593649002552668,2.5108873400455875e-06,10.255702147710217,5.423831707352794e-07,17.316535836478888,40.7828346
0.0,1.5320337860010425,2.509845718462568e-06,10.695717279791975,5.423906984908652e-07,17.250736687014584,41.5440832
0.00015587475455548845,1.5084211402025443,2.508762989923316e-06,11.237562944097519,5.4239837901091e-07,17.08168539468988,42.421074
0.4170546019930692,1.4254023158215012,2.5093230603948326e-06,11.205081111261453,5.424222345083898e-07,16.647282084232742,42.907493
4.572410940793271,1.4718585024946294,2.52646821622098e-06,6.420816935334638,5.425717948474756e-07,14.611216391875098,43.238558
11.93454751211152,1.4047715649646737,2.7007624469165786e-06,1.2463453593728948,5.43481738723631e-07,4.0947618539997785,43.5166287
19.33467447376292,1.3515682431301563,7.993619641364881,2.580760935443524e-06,4.863387044961221e-07,2.7227018746770174e-06,43.7590199
25.018758274275438,1.3261849627632345,17.53532923531388,2.56356932794138e-06,4.84843659707297e-07,2.6239503593773293e-06,43.1451172
28.26466257463583,1.3888788768270341,23.02062939093973,2.5578805283260753e-06,4.842997084567704e-07,2.5930850972798926e-06,42.0022607
29.96321908735194,1.5879886411467243,25.83140131143785,2.5554575254659803e-06,4.841138946130079e-07,2.582341888962611e-06,41.2542253
28.89971773408552,1.8488837547420063,24.353660587652637,2.55673126415976e-06,4.842052126091924e-07,2.5876517703826433e-06,42.066589
25.04982599704206,2.141163527084273,18.674128496888557,2.5624234996291393e-06,4.846243494552087e-07,2.6132951092321107e-06,43.0029819
21.16748324081491,2.0297438007110067,12.443146137463495,2.5708941838435305e-06,4.85480727503703e-07,2.6689553268962914e-06,42.8333599
15.060401693505016,2.590377889838185,3.7887077074622453,2.588099670125561e-06,4.873242526198933e-07,2.912041495089204e-06,41.7520178
8.47971977845215,2.4845373883065087,2.6081627976502963e-06,1.9054168055963738,5.428706588892262e-07,8.018553050766094,41.3582603
2.689682774106869,3.000845406213285,2.5321993416767663e-06,5.405216720157938,5.421840915686196e-07,14.881910385313196,39.6876216
0.24741855813213437,3.494747610598811,2.5227417608027707e-06,6.939112339290791,5.422541530150286e-07,16.470066160519142,38.4646059
3.143909730468127e-05,3.630102856383974,2.524482984333673e-06,6.500839121559393,5.423623151629718e-07,16.872478571490543,37.6234846
0.0,3.5742967953277214,2.525994917482474e-06,6.172206214671264,5.424748411754609e-07,17.155777282470993,37.1429708
0.0,3.4034175771024646,2.5255507536218933e-06,6.19775813947006,5.425987096144833e-07,17.491425227719358,37.1413199
0.0,3.042677629118115,2.522642577247639e-06,6.668862212859341,5.427407917037915e-07,17.93192580450796,37.6798001
0.0,2.672548834473919,2.5197877279354853e-06,7.202779676197827,5.428608570826126e-07,18.29609803383712,38.2465564
0.0,2.3678362768668753,2.5156314589657498e-06,8.142003839738607,5.429810855224612e-07,18.68328166990335,39.7896269
0.0,2.1593185445637064,2.512873655530532e-06,8.879293270647658,5.430545478081301e-07,18.902319955688863,40.996787
0.0,1.8060849740871605,2.5099949188203684e-06,9.788818222953386,5.43107186513789e-07,19.058900406630393,42.1666547
0.0,1.6202822169168258,2.508226294516561e-06,10.450701419220861,5.431153739321995e-07,19.062800858722476,43.0804832
0.0,1.3741813720550078,2.506565577113227e-06,11.185658013110979,5.43095289150635e-07,18.96254670004141,43.9092273
0.3232218617053869,1.0139536994265699,2.5062622777566125e-06,11.471261089934151,5.430142701504664e-07,18.63458347107991,44.2537587
3.9950143544347223,0.9877476989506978,2.520352876673434e-06,7.161730787040919,5.426366771566572e-07,16.990476979807564,44.3401217
11.11998641479978,0.9943356239332051,2.6478119809520342e-06,1.6248127065295341,5.428576578152429e-07,7.985232869589052,44.8826325
18.679962027408344,1.0320470757969231,5.663566713520531,2.5874441105621344e-06,4.895567528494409e-07,2.850355585605127e-06,45.1964876
23.782252062787457,1.0037130732777797,14.489582956875568,2.564291892885249e-06,4.88457450069705e-07,2.775158265755888e-06,44.3649965
27.45145899279031,0.9564446077447906,20.820553378425874,2.55644924281648e-06,4.878744919308108e-07,2.7500300308882506e-06,43.0937252
29.02324877758082,1.0346154469553919,23.927950859219795,2.55361877940764e-06,4.876544390745092e-07,2.735685205730324e-06,41.4927928
28.5599990351128,1.2698020667241712,22.98479448758802,2.5544992801493147e-06,4.876996902247706e-07,2.7381194170496888e-06,42.6646884
25.497771505076795,1.6275382560428546,18.603506216259525,2.558934881861085e-06,4.879957578983163e-07,2.7561309881598634e-06,43.2611452
20.989338576733672,2.342613112425744,12.417522684030063,2.5679096995744113e-06,4.886007479933151e-07,2.7810560419997666e-06,43.1012219
14.715067841410406,2.7197693960592804,3.0416797678040477,2.5781539844198824e-06,4.892412429829483e-07,3.144607350843817e-06,42.3819629
8.489225718313524,4.177804741464642,2.7162187359124042e-06,1.3377396745879393,5.433966795830153e-07,5.945999347504573,42.0941679
2.688212703187812,4.303094321212258,2.540231150797102e-06,4.366226480328159,5.422000157657728e-07,14.879984250465863,40.6477642
0.16328560926120458,4.25518612160556,2.5247101401418578e-06,6.409067647609669,5.42361840968636e-07,16.837296873906975,39.2933385
0.0,4.2849365864920985,2.5262505303231682e-06,6.077473672625374,5.424557106890664e-07,17.133416050776404,38.5536478
0.0,4.142835765443,2.52755667552889e-06,5.831259519657266,5.425534757840502e-07,17.35400311692227,37.9752266
0.0,3.793793916182099,2.525755398407755e-06,6.082997933708532,5.426833709011544e-07,17.738838218721856,38.0558733
0.0,3.296039419235052,2.5223631169314383e-06,6.647525258409432,5.42820678940063e-07,18.172704782383573,38.456971
0.0,2.8000961896691483,2.518898317710039e-06,7.327157970680739,5.429401679019977e-07,18.54291738093886,39.0286734
0.0,2.451861134467382,2.515285217292307e-06,8.169555553701711,5.430410599756366e-07,18.854704805618386,40.2076157
0.0,2.016960893946652,2.511185196960442e-06,9.337611553326697,5.431284052726677e-07,19.12739513166817,41.8120348
0.0,1.4157765660256965,2.508193812567106e-06,10.38383746971833,5.431717865341664e-07,19.246809412451874,42.6635653
0.0,1.2566724601707855,2.506515184503183e-06,11.090188580054312,5.43161192914948e-07,19.18844107689228,43.675583
0.0,1.0926505763141718,2.505291622226261e-06,11.732371067221465,5.431051084419895e-07,18.979545250412755,44.4030469
0.3079020865607024,0.9105650799370181,2.505006749550629e-06,12.086524115341977,5.429654685745332e-07,18.51095247912734,45.1144214
4.3595754112486125,0.8328177528852532,2.518985251301389e-06,7.563764719686427,5.424381106928984e-07,16.591758393437786,45.4091301
12.385365606954737,0.8590509257683933,2.6648693082264434e-06,1.4540785464350425,5.428805874485549e-07,6.024634924718931,45.8781528
20.481401744397147,0.9829949681635125,7.967453604781893,2.58011546801927e-06,4.858219533487214e-07,2.759487213542861e-06,46.2074085
26.042448802248973,1.1075172293214417,17.393411494106758,2.564140842304149e-06,4.841932466855418e-07,2.621057374188127e-06,45.7931628
29.103608830077437,1.2916112194691605,22.847480395213857,2.5585697663433657e-06,4.836240430403724e-07,2.5826858011343753e-06,44.5010097
30.65011311796492,1.563563968084729,25.86847011345985,2.5559861428923806e-06,4.834135813476518e-07,2.569055382682507e-06,43.0592453
30.26465331242137,1.9412363764985405,25.012784908329845,2.556744356008258e-06,4.83458015210284e-07,2.5712543266177233e-06,44.7130677
27.328358837227043,2.3520691856339413,21.04081292434582,2.5603819753192997e-06,4.837550221886734e-07,2.588892413156716e-06,45.4396953
22.35219021988927,2.3558150529336626,13.584569592591215,2.5696770899941646e-06,4.845310013155698e-07,2.6390702319497437e-06,44.9323235
16.667182533708008,2.867340878119077,5.564692151994348,2.587594719585336e-06,4.862916673218048e-07,2.7895006549482955e-06,43.8322065
8.005870263511095,2.341972573243672,2.595303570804139e-06,2.104146513785356,5.427688663839832e-07,8.267876720826044,40.3164745
2.158785130202672,2.5638000047772866,2.5275954707857557e-06,6.247013158535903,5.421923142770499e-07,14.686808772111549,38.6197305
0.07492936266865496,2.496629939808799,2.5185861485351906e-06,8.090780615691994,5.421342481211541e-07,16.104463776073217,37.5918573
0.0,2.4963268919888515,2.5202302669060753e-06,7.55438595214581,5.421652939052307e-07,16.43817978056726,36.6620631
0.0,2.417636355329612,2.5209740267504675e-06,7.307238343998987,5.42234010449338e-07,16.709541219949987,36.2725437
0.0,2.231871488571634,2.52130937317058e-06,7.185449101872386,5.423019548524305e-07,16.918795402886598,35.8217567
0.0,1.9974091392547306,2.5202046537676717e-06,7.390083627637642,5.423788566923406e-07,17.157985023745326,35.9293532
0.0,1.7519635016429824,2.5185333621841088e-06,7.750481130053757,5.424479350442169e-07,17.37126339734303,36.2927847
0.0,1.4109144914588934,2.5156674006392204e-06,8.470503414944096,5.425188663807792e-07,17.60364439347292,37.1706198
0.0,1.1556801450866412,2.512712491418841e-06,9.340625366268545,5.425707769612507e-07,17.770875820040363,38.4880299
0.0,1.0955359085714955,2.5109602200519603e-06,9.94672561154741,5.425788876905365e-07,17.78056319887545,39.5759958
0.0,0.9211273720366622,2.5092668216411778e-06,10.632520588815627,5.425622352700144e-07,17.694431873171453,40.475384
0.0,0.7071351292984319,2.5079764342916667e-06,11.288253419419897,5.425105847254584e-07,17.453979622979904,41.0768948
0.3673277164231157,0.4948992556148096,2.508569099667663e-06,11.299591763496139,5.423954791829522e-07,16.880023266486624,41.0760885
4.699135464182898,0.2973274243868556,2.5259565013743167e-06,6.499228723568422,5.422365113869636e-07,14.577569568943147,41.0435772
12.911669745461337,0.21179550456842505,2.6434548904328747e-06,0.8712923678837001,5.42246301817969e-07,1.9532492386840934,40.7119348
20.564694663733523,0.231789741784998,10.366995464124658,2.576853731520237e-06,4.840499165535007e-07,2.6207505738978623e-06,40.6083118
26.467114481217624,0.3111247173699453,20.068901618859666,2.5628082517691917e-06,4.828281901854781e-07,2.545984095664656e-06,40.2308478
29.290201072006493,0.5139229095395489,24.415605474135294,2.558801113861284e-06,4.824322258716765e-07,2.5260521420887924e-06,40.0092675
30.733588760445382,0.7633739612597015,26.466707156323285,2.5571083662918263e-06,4.823022809653254e-07,2.519859089891775e-06,40.1204789
29.321264113876985,1.0425786479805725,24.003631362709196,2.5593364310564373e-06,4.824141520249278e-07,2.5251054319466577e-06,42.1762374
26.26822475777294,1.4166708653000886,20.093905641146595,2.563063826315348e-06,4.82734477421873e-07,2.5408147724033915e-06,42.1324647
20.906169204913507,1.523876151306077,12.375285432639048,2.5734052959632586e-06,4.835724757809604e-07,2.5884529277753417e-06,41.0475622
14.831616722143957,1.8583042522243918,3.8526416499944083,2.5946199406446535e-06,4.856445021371758e-07,2.775756134021387e-06,39.3241191
6.772338744555004,2.3686763319652764,2.582471385257933e-06,2.507389046435785,5.425779427927911e-07,8.86509642615678,38.243627
1.7272281185229885,2.4608208835291188,2.528671153693342e-06,6.289454420482733,5.421568558270753e-07,14.177992646416547,36.7340888
0.033684725575460185,2.451933669699006,2.5215407118918913e-06,7.582193795328715,5.420652259644521e-07,15.495431638165432,35.7622094
0.0,2.3403379516694063,2.52285085878646e-06,7.169708206413742,5.421069181313064e-07,15.913846714386551,35.0271778
0.0,2.237321845755791,2.5237688727233425e-06,6.908793911355003,5.421855286090635e-07,16.22199906314184,34.5934448
0.0,2.1651972445568806,2.522722396482728e-06,7.05579896955745,5.422898708584062e-07,16.56927054128277,35.0664014
0.0,2.074761938048745,2.5201493351935167e-06,7.548057922278268,5.424046342520957e-07,16.94034073034018,36.1988472
0.0,1.9569694015838441,2.517543716552569e-06,8.123406520639675,5.425017349720672e-07,17.239208578913633,37.3643841
0.0,1.7518757699909975,2.515746205373505e-06,8.570678899468362,5.425650739186602e-07,17.415732252886105,37.95947
0.0,1.53913904342637,2.5127571073336656e-06,9.434679011901027,5.426283174863061e-07,17.601208463667582,39.3815543
0.0,1.6215234675766128,2.5120433983410234e-06,9.682155255874958,5.426293821541484e-07,17.566019962237444,40.0301236
0.0,1.3176206980254297,2.509843056652105e-06,10.500781494723988,5.426369920540383e-07,17.541157487326497,40.9598365
0.0,1.1160033985479874,2.5088091599815036e-06,11.014511337019433,5.426024463607314e-07,17.3291761194335,41.3265919
0.2898151784018083,0.9742584605551918,2.5088739486146204e-06,11.194041038609393,5.425306656883303e-07,16.870240809181595,41.7249698
3.9177704155716464,0.8258825746017147,2.522424499543502e-06,7.294171800798263,5.423530214840276e-07,15.111314499967063,42.1209362
11.432031258156295,0.8731078913583473,2.6710583800639924e-06,1.5147232917936484,5.430266009061744e-07,5.55798134385834,42.8538288
18.843667754911845,0.8373510161644763,7.010676889843301,2.5849201644761963e-06,4.875335463163743e-07,2.691824541237477e-06,42.8963506
24.916148124255404,0.7888953931898726,17.075205948588792,2.563554389976835e-06,4.858334541654543e-07,2.6152871335478097e-06,42.4844365
27.813042117672858,0.8039501396385649,22.005751464631196,2.558275031215368e-06,4.852270817503564e-07,2.5906616831276657e-06,41.4584682
30.136994040966766,0.8975711341428817,25.496414499708855,2.5551387542030157e-06,4.849770108471969e-07,2.5795955381313845e-06,40.9440495
28.31964026947832,1.094533347381849,22.42516406286612,2.5580861453832826e-06,4.851022430724088e-07,2.5845736777140334e-06,42.7229567
25.11409347792703,1.3007836932563157,17.861866126265376,2.5630684241499243e-06,4.854711253524531e-07,2.5993574982512908e-06,42.7899816
20.54515197623171,1.4315470034902662,11.156680957032627,2.573752559805911e-06,4.862881921436978e-07,2.633597315187794e-06,41.9463853
14.10315939361879,1.811078230997941,2.029709569122326,2.5984105287206836e-06,4.877935205045096e-07,2.8274952278753926e-06,40.3869652
5.698564355631173,2.57549012789601,2.5825980845094114e-06,2.6373301506494555,5.430607920505888e-07,8.488350669524777,35.5327119
0.9487199227234149,2.693960037250613,2.5305365039249732e-06,6.443541180497345,5.430711211432468e-07,13.0511435543549,34.2109673
0.012498926850800913,2.803760791343429,2.527797592196085e-06,6.8468241534452865,5.426122166753858e-07,13.684117869934877,33.231842
0.0,2.5932813873529605,2.5286654621329667e-06,6.588119994380412,5.422988807612225e-07,13.905314119997056,32.4384877
0.0,2.2651348425252054,2.528337331429621e-06,6.589216720402,5.421247704941709e-07,14.147489032238779,31.9379862
0.0,2.007046739239261,2.528717471709162e-06,6.48311231984551,5.420179293064967e-07,14.269831884502901,31.2673682
0.0,1.7978874613685656,2.5278458523871322e-06,6.615433697822885,5.419735957237031e-07,14.435208414727317,31.2152085
0.0,1.556065515862378,2.5274981320407744e-06,6.669048946169219,5.419554608768201e-07,14.508413981590932,30.8425065
0.0,1.3081557686252339,2.5261974887360566e-06,6.9192909158861875,5.419749015236112e-07,14.606170548365247,30.8640673
0.0,1.0350905866880378,2.5231649396080585e-06,7.579894177478884,5.420413376772072e-07,14.784237836591343,31.7140598
0.0,0.771882673520425,2.5206035210318057e-06,8.246361178664918,5.421335427534541e-07,14.862625151068025,32.5048523
0.0,0.7106197640938346,2.519434428721831e-06,8.637100251212997,5.422599724930857e-07,14.76152964325576,33.0355763
0.0,0.6440895086779653,2.5182093366168694e-06,9.12687462855963,5.424833599902046e-07,14.569057143908154,33.6603646
0.3507703674567008,0.5763602456317561,2.518364397957624e-06,9.298700439008293,5.428813728966879e-07,14.135141015784702,34.4015089
4.160104532613332,0.5562151009162999,2.5399257399828444e-06,5.11582557653091,5.432050381321846e-07,11.66899838402989,34.4923227
11.682842956706711,0.5284833949319623,3.573520185791833e-06,0.1995940068811455,5.474872061282483e-07,0.1665667553373845,34.8686634
19.22608636817803,0.5348961585261358,11.817567339869177,2.5737213403545667e-06,4.847581261513771e-07,2.599950398731838e-06,35.0232479
24.146175014669115,0.5774025338872137,19.693505608671227,2.5624758139842238e-06,4.837947883387523e-07,2.5590652923486986e-06,34.9992701
27.664704828190317,0.5895335796331345,24.692054498775928,2.5575839560145894e-06,4.834104793899733e-07,2.543612489471305e-06,34.9959911
27.915670498919916,0.6403208970669749,24.40246742480849,2.557996122646731e-06,4.833743903295781e-07,2.5423579977354325e-06,36.4619904
26.55118865916107,0.7223485324140061,21.205140313741634,2.5611667037987328e-06,4.835686917403106e-07,2.550444806519019e-06,39.27353
24.278990837100583,0.8421377879396558,17.639474416563022,2.5650022670706776e-06,4.839849113371039e-07,2.5677875353940804e-06,39.7766521
19.79752028515375,0.8105851383007002,10.879388717032093,2.575548379282895e-06,4.850108832651497e-07,2.6138968990569096e-06,38.8878762
13.219695080880268,1.0736977216061476,1.5805763464881197,2.6043634573896867e-06,4.872507249488548e-07,2.830336358889256e-06,37.0100341
5.367291255556356,1.5528188409076615,2.563149372779772e-06,3.3727795539286722,5.425502423251835e-07,10.578075631310606,35.7617575
0.8254069212015955,1.755439104128932,2.5253433414896416e-06,7.057139182139529,5.42127239841177e-07,14.422586602517093,34.311299
0.0,1.7550740378053582,2.523165284705433e-06,7.356485164270825,5.42028615112924e-07,15.249540171074305,33.3904953
0.0,1.599677581762539,2.5240044627545604e-06,7.07423536611684,5.420613906749963e-07,15.656267333182077,32.8954423
0.0,1.4034473378241734,2.524657961636337e-06,6.880284733077975,5.421268102694697e-07,15.953019300245758,32.3688907
0.0,1.2060138845961956,2.5233590599583713e-06,7.074422744897269,5.422216358012596e-07,16.291681019846518,32.6396967
0.0,1.0442013438872033,2.5200212622788613e-06,7.72561861545378,5.423382838568038e-07,16.689450916940874,33.9490457
0.0,0.8816779176528785,2.517086972058876e-06,8.395655465026671,5.424315207775709e-07,16.98675468304642,35.2003302
0.0,0.7177350350544333,2.515500368200537e-06,8.802190116203805,5.424820464083437e-07,17.127845189923622,35.7751289
0.0,0.5492264332458614,2.5132984024821405e-06,9.446535063463509,5.425226926218311e-07,17.239999685355713,36.7885521
0.0,0.5290764327205879,2.5117475326069623e-06,9.971161737752865,5.425306263828239e-07,17.23511590066547,37.790146
0.0,0.40742179143598517,2.5105100650270626e-06,10.471980417323968,5.425125631369538e-07,17.12100709792101,38.4068865
0.0,0.3251784373668092,2.50951580712869e-06,10.976981232063109,5.424696546665751e-07,16.867880464567076,38.9859524
0.3755000165660782,0.2604186152422728,2.5102036853348743e-06,10.94227900962394,5.42386818549293e-07,16.309607512238937,39.2659433
4.181629445570459,0.17525790069868769,2.525785833907912e-06,6.841476850802313,5.422722062820437e-07,14.291270227442464,39.6774965
12.218508766188659,0.18518654735662227,2.7290905123278167e-06,1.115401814693262,5.431901985877736e-07,3.013451044873405,40.2123224
20.44801080802022,0.23288330537935603,10.12062327886948,2.5766468221560237e-06,4.85804511699239e-07,2.627278427374267e-06,40.7171471
26.625300367760598,0.27886852881947405,20.359111505378113,2.5607510362804284e-06,4.844365893559637e-07,2.574929640925373e-06,40.0721409
29.502694630425474,0.36703891454327053,24.934350137567783,2.556546110604819e-06,4.839996686920694e-07,2.5579169639487658e-06,39.1689568
29.866524243790025,0.5146680121703302,25.46854671068272,2.5562424244716855e-06,4.839112231071596e-07,2.5542030801947293e-06,39.3754339
27.925056078148852,0.7571339437287711,22.583399368108754,2.558936764903734e-06,4.840672287775376e-07,2.5598962710618224e-06,40.5094587
24.560179663339817,1.0621462784030367,18.152455651982073,2.5636171997302395e-06,4.844796998309307e-07,2.5748230252680413e-06,40.1276191
19.263603898322227,0.9278658271235073,9.933059742887526,2.577530188921955e-06,4.855414186670127e-07,2.615283321250644e-06,39.2667799
12.279252780386466,1.305357815784986,4.597137752493935e-06,0.06643035960512397,6.778610532414275e-07,0.05652771453309146,37.9614826
4.222868755689195,1.30129360360641,2.5680102902585065e-06,3.3049070310774846,5.42700784428971e-07,9.641832903327249,30.8738355
0.3661996198573231,1.4480746705303422,2.5307627972302206e-06,6.483726918665808,5.424558434673331e-07,13.021539814654641,29.7765874
0.0,1.3704278310661966,2.530987299641971e-06,6.329745178311293,5.420538406519213e-07,13.50110597119374,28.7483255
0.0,1.2768374809989655,2.5313055223187132e-06,6.1996863996253815,5.418758946084313e-07,13.852436343180427,28.6384069
0.0,1.1652011049970092,2.531779549757518e-06,6.0775539856313525,5.418051339693243e-07,14.106090767094202,28.4033976
0.0,1.0524554657876068,2.5294286734715115e-06,6.39438455085411,5.418256537193261e-07,14.485481196536265,29.1438656
0.0,0.9864720550680074,2.524320118480587e-06,7.269431997926472,5.419122105690675e-07,14.988904777123336,31.2078067
0.0,0.9375182712934892,2.5201123549520764e-06,8.167294055679804,5.41994256800133e-07,15.360874940770698,33.2363279
0.0,0.9085410375111832,2.518220854562764e-06,8.633360310105042,5.420386159967742e-07,15.509594473729917,34.2424778
0.0,0.8693808686262589,2.515946693712271e-06,9.276718208969065,5.420846641207061e-07,15.615640637708456,35.540198
0.0,0.7327468088442238,2.513996262811314e-06,9.922641096863517,5.421225262697021e-07,15.624672431762951,36.5311508
0.0,0.7245539758179917,2.512890271818042e-06,10.378678493515157,5.421501407956632e-07,15.486479168064742,37.2914041
0.0,0.6715088326172656,2.51174084452617e-06,10.948475298272033,5.422022706224751e-07,15.221630892330227,38.0558899
0.3606550951766375,0.5869192166594008,2.512441521402609e-06,10.951993307425429,5.423204634250109e-07,14.628621380225267,38.2910497
4.020978350352834,0.5167004579147092,2.527592174889264e-06,7.040997746590725,5.42634582768482e-07,12.595180539395406,38.6796385
11.13067298659631,0.4815651766967314,2.6661502845982543e-06,1.5009247438363869,5.422917142812817e-07,3.866822688606013,39.3883585
18.796075353083033,0.5281425321785661,8.610079914358964,2.5821390172836364e-06,4.851503587120201e-07,2.5721823167267677e-06,39.3194575
23.45338848162091,0.6398169747103339,16.650211544935157,2.5671872573445535e-06,4.836091069110233e-07,2.5295967303181923e-06,38.7948348
26.650022635343877,0.7935266029334423,21.92477326585027,2.5612914072922715e-06,4.829901744675828e-07,2.5146900361532716e-06,38.3282855
28.315095146207515,0.9613072358235936,24.058727077446367,2.5593644834212697e-06,4.827693153051936e-07,2.509664491495201e-06,39.0736639
26.878575166267638,1.076927388646685,21.643901271784284,2.56191573649725e-06,4.828465240870987e-07,2.511500695767556e-06,40.1777699
23.24844314760997,1.1400015654544193,16.523635358597545,2.5681700957152506e-06,4.831842945017137e-07,2.519617403109762e-06,39.5857541
18.008033001297818,1.1361840435103465,8.598224053271913,2.584108709990653e-06,4.839745185020737e-07,2.541984896622798e-06,38.5007164
11.101281807609869,1.2207205223162203,2.67386940060755e-06,0.7708510451091536,5.386118694199371e-07,1.067818398343635,36.7951209
4.848746390444923,2.705590028838438,2.5662138797130867e-06,3.8593001558986413,5.406053717287956e-07,6.75899361991508,34.0032341
0.43165761045485174,3.4083845673528863,2.53331284647001e-06,7.41714742413979,5.414552365668363e-07,9.062534003051999,32.2450428
0.0,3.85819559088306,2.534571504435326e-06,7.067205627043078,5.415027053134475e-07,9.190921020047405,31.4982875
0.0,4.0938965994172065,2.5378070356962067e-06,6.436202273672253,5.414427074178595e-07,9.11842146490054,30.7403171
0.0,4.074404774979093,2.5383761824186243e-06,6.314282063878884,5.414141983033649e-07,9.174493986694811,30.5181888
0.0,4.149347280609884,2.5383262483906133e-06,6.303571548663685,5.413893577684492e-07,9.224780938231538,30.7203188
0.0,4.359795109256722,2.5357559543060966e-06,6.709662200507718,5.414109858683704e-07,9.394813717531465,32.1602936
0.0,4.460739721670328,2.5330415730799714e-06,7.2175668875668455,5.414403724822081e-07,9.528996504250879,33.5155714
0.0,4.469435420348475,2.532272239055768e-06,7.4049721540172015,5.414353217930628e-07,9.481960106919722,33.8540734
0.0,4.576748087682445,2.5307556895493475e-06,7.788989632588423,5.414397761281006e-07,9.42335554594223,34.7917423
0.0,3.843059050456564,2.526821692629018e-06,8.899752855394338,5.414772940782914e-07,9.447199761857087,35.331166
0.0,3.897559754099586,2.526261882984374e-06,9.245608982773497,5.413722671872732e-07,9.13967417417247,35.8286543
0.0,4.013340274444832,2.5266027063736008e-06,9.445521945584572,5.410587957836251e-07,8.612948290850849,35.951648
0.27842833194095806,4.007808727114144,2.527586293958269e-06,9.643457340920865,5.402167717438249e-07,7.759949005799625,36.2497514
3.2568334674197303,4.086058341146186,2.5433237941118477e-06,6.48243800445867,5.376168413346064e-07,5.443069025707385,36.3289861
10.842643852607692,4.050238868777053,1.8698545644187272,2.676551091404628e-06,4.799447464849712e-07,2.379679748188173e-06,36.5051411
18.690412889617992,3.950217388581106,14.559243768711767,2.586812466319532e-06,4.788877172945593e-07,2.356689544108316e-06,36.5413508
24.497172296395803,3.9645078859157477,23.574738673924603,2.5792671261326826e-06,4.785494728612439e-07,2.352534293699534e-06,36.0402606
27.574429572117854,3.8752558371055907,27.364911632117472,2.5766628310939065e-06,4.783456523588895e-07,2.351763198823952e-06,36.0843772
29.589675702587968,3.69571325033491,29.260743691998155,2.5752700575862106e-06,4.782636922824446e-07,2.35161203818033e-06,36.5401335
27.250601615465058,3.5071356368705056,26.393136932095523,2.5774924488795946e-06,4.783966926540879e-07,2.351586934953714e-06,36.6596594
24.081000689559996,3.5400407176023205,22.73830606106769,2.580019605609612e-06,4.786314682188048e-07,2.3520718508862095e-06,35.6304948
19.148761949520065,3.1949016814527504,15.331810130196187,2.585841326500144e-06,4.790027482316778e-07,2.355022193242427e-06,34.7587993
12.362601277639042,3.1887660512530753,4.834894047170491,2.6223544189861697e-06,4.793955904596261e-07,2.3692803324869213e-06,33.6135624
3.4033534244023778,1.2929323268147523,2.54055293683813e-06,6.41273537615099,5.422284806221216e-07,6.904100737172445,31.7134749
0.20801179348247606,1.3577809121363642,2.524505733174973e-06,8.969575967111272,5.433154642923673e-07,9.824912981111696,30.7660008
0.0,1.2051565699872517,2.524705733783801e-06,8.500414802233479,5.427184478372077e-07,10.857737407904258,29.9528235
0.0,1.0443311676108176,2.5252820597268314e-06,8.138618424849675,5.423677189495406e-07,11.488473527828814,29.5135327
0.0,0.9362714603540664,2.5252437871423868e-06,8.003013829112971,5.421987090983151e-07,11.952818878620201,29.4705208
0.0,0.8636297279894266,2.5236872838502244e-06,8.241252359949451,5.421435500570181e-07,12.374951411198184,30.2007619
0.0,0.8134705208772968,2.521241886628358e-06,8.742835971962,5.421493577265299e-07,12.749054950090605,31.4559068
0.0,0.7363954593090529,2.5189090851375983e-06,9.300739346126438,5.421771943932962e-07,13.03057339598871,32.6735413
0.0,0.668257301852732,2.516682554797704e-06,9.916717726450157,5.422149084791546e-07,13.226980998221217,33.9490175
0.0,0.5957738236007922,2.5147292593962913e-06,10.539410520790799,5.422553555121497e-07,13.329493623035988,35.1421118
0.0,0.539798161435841,2.513662796827037e-06,10.943618921504868,5.422916276345088e-07,13.297876088456903,35.8020278
0.0,0.46031562458364633,2.5126441644731945e-06,11.403868283382263,5.423486697439217e-07,13.164400784385316,36.4233155
0.0,0.3805156989187788,2.512021673557312e-06,11.814059701897015,5.424537106121438e-07,12.872653504128847,36.7847888
0.25072255952315964,0.3330358169614624,2.51239572926689e-06,11.967047559325358,5.426946964326584e-07,12.301271499787072,37.1204647
3.263735922376235,0.25411640309026207,2.5233801300052812e-06,8.788392878511129,5.432201510753022e-07,10.634878151371217,37.3882979
11.49607293632146,0.21958407255763554,2.669087913843765e-06,1.2619466271331574,5.404864693040101e-07,2.207789350876845,37.7135373
19.946489325886304,0.2519356916088177,10.881322657956877,2.580201624905049e-06,4.820579647436556e-07,2.503763715682543e-06,38.0312111
25.676681920830916,0.37063850371719903,20.14419989375356,2.5666489715567797e-06,4.81057682581864e-07,2.4771615397881325e-06,38.0184886
29.468892561155126,0.5463406229554469,25.335520936848614,2.561603445202362e-06,4.807108879778925e-07,2.4691389007800672e-06,38.6206824
29.929009372542232,0.77797877793138,26.095941907731856,2.5611042368257907e-06,4.806200967725841e-07,2.467321731031575e-06,38.7639289
28.358396942523655,1.05862677235164,24.708964573038806,2.562367859589731e-06,4.806780732409991e-07,2.4686043041691266e-06,38.0118712
24.925876899909834,1.3957261221814967,20.924583223364838,2.5660459910405332e-06,4.809091821438608e-07,2.4739466075738618e-06,36.7208111
18.808235826939892,1.5589987772269662,12.275140752208836,2.578188143659841e-06,4.815510576190678e-07,2.4908100516276058e-06,35.3800682
11.267091212602699,2.0373119702857094,1.3828248717409026,2.6518378445080023e-06,4.836981568251971e-07,2.5574596570700104e-06,34.0239383
3.9062866487711903,1.8623748297909668,2.5578992608793e-06,4.662065283804731,5.404350359558538e-07,6.36317123920174,30.5450651
0.09966256622603788,2.056084782635946,2.530379145616966e-06,8.227667079745991,5.418881917420091e-07,8.529988186798045,29.2786695
0.0,1.9504419100478716,2.530477807484269e-06,7.955490714269996,5.420173650828398e-07,8.997751713933381,28.7006318
0.0,1.7606373617567685,2.53104194360941e-06,7.681060946203954,5.419501785510718e-07,9.305045317066927,28.044772
0.0,1.6300104419115218,2.5303617409684764e-06,7.718839370118452,5.418738401058044e-07,9.593371341083222,28.1150537
0.0,1.507322796277278,2.5299281792683823e-06,7.739192487645509,5.418050021349602e-07,9.791575404916482,28.0771602
0.0,1.388030015855907,2.528077937903635e-06,8.093466056419892,5.417839164309893e-07,10.011775457517722,28.7247594
0.0,1.279798770198458,2.5260057607465915e-06,8.55805325930829,5.417931373910102e-07,10.184843355215296,29.5701761
0.0,1.2056749088155265,2.523499203261941e-06,9.215871069335112,5.418367909568096e-07,10.321486461282632,30.8452178
0.0,1.1307951513178156,2.5212403278423624e-06,9.91325872983133,5.41906381012155e-07,10.372683024341747,32.1206242
0.0,1.0579773266582966,2.5202186567206496e-06,10.322344049664576,5.419914601887481e-07,10.26834233110961,32.6714427
0.0,0.9653322996079945,2.5196861171187656e-06,10.654458202322084,5.421047153534772e-07,10.029999898416083,32.8878504
0.0,0.8835000791565663,2.5191749037591373e-06,11.09847473949415,5.422347175823432e-07,9.634488386335848,33.1970488
0.15083000695550214,0.8014877157088052,2.5203104303646225e-06,11.157826312815232,5.422147659398901e-07,8.872376144482978,32.776696
2.78771263934394,0.7268652658121411,2.531935592605481e-06,8.264440483077836,5.40854860051125e-07,6.882543349637796,32.2796194
9.766424575699654,0.6944882606878723,2.6670186607318216e-06,0.9269324859062009,5.348384796123389e-07,0.9239736542916331,31.9718109
17.772863864423314,0.6804172560208296,11.364834512410445,2.58172144288989e-06,4.789619278211924e-07,2.3909652072078917e-06,32.063682
23.99505259987844,0.7587529411688572,21.00890762115907,2.5726283384576077e-06,4.784987998401477e-07,2.380544156124338e-06,32.5396359
27.844156438900775,0.8797780631921133,25.597419080651974,2.569626958110275e-06,4.782939064739218e-07,2.3780477321792087e-06,34.2382493
27.830425264248895,0.9569808099148805,26.01677017703148,2.5695474777249394e-06,4.782360237255638e-07,2.377424781746103e-06,33.4432692
26.408964868422796,0.9995426874337671,24.65792325919112,2.5705430144757604e-06,4.78266872782155e-07,2.377534313363468e-06,32.5083898
22.17081764464825,0.9969047247211285,18.863636451567448,2.5750917023825314e-06,4.784206095918673e-07,2.3789250291884795e-06,31.9875098
16.904682025678476,0.9445252300195608,10.83124398151888,2.583643844284939e-06,4.787038460238246e-07,2.382659623261421e-06,31.1418411
10.009327788177501,0.9455509129150215,0.5557575131493412,2.7277304768822024e-06,4.782670849712957e-07,2.4229741345578863e-06,29.4700613
2.9837075574878393,3.189224484987178,2.542906649724373e-06,7.286707533088326,5.34792765096099e-07,1.8540063657990848,31.4916996
0.07060942337057961,2.5256307733300107,2.530938296559634e-06,11.57303018770993,5.35031766826194e-07,2.146778496290028,30.515235
0.0,2.1326259315610088,2.530203804772009e-06,11.710127658586078,5.350446901182743e-07,2.2224100607348585,29.7816911
0.0,1.8582268611829504,2.5297521725696572e-06,11.81149562929419,5.35051916427112e-07,2.266327960322534,29.4120179
0.0,1.5805612648970886,2.529163715568313e-06,12.107325588838746,5.35052164040596e-07,2.2911243167361697,29.4120382
0.0,1.4479201400438233,2.528399127839528e-06,12.617442521684861,5.350384673141949e-07,2.2980646854502784,30.1679916
0.0,1.3430905527010641,2.5274022384075643e-06,13.413001835722893,5.350053283700979e-07,2.284892116383003,31.5678072
0.0,1.3168465611742897,2.526899649506697e-06,14.092886357158957,5.34929530420099e-07,2.2311660153792565,32.8716458
0.0,1.354917871316855,2.527100660122669e-06,14.671740533196408,5.34787703504685e-07,2.1171346405587426,34.0443068
0.0,1.4136061699951594,2.5289266059356376e-06,15.240179209273034,5.345038111478389e-07,1.871615909551417,35.1043849
