RE_PV_MY_y1,RE_PV_MY_y2,RE_PV_MY_y3,RE_PV_MY_y4,RE_PV_MY_y5,RE_PV_MY_y6,RE_PV_MY_y7,RE_PV_MY_y8,RE_PV_MY_y9,RE_PV_MY_y10,RE_PV_MY_y11,RE_PV_MY_y12,RE_PV_MY_y13,RE_PV_MY_y14,RE_PV_MY_y15,RE_PV_MY_y16,RE_PV_MY_y17,RE_PV_MY_y18,RE_PV_MY_y19,RE_PV_MY_y20,RE_PV_MY_y21,RE_PV_MY_y22,RE_PV_MY_y23,RE_PV_MY_y24,RE_PV_MY_y25,RE_PV_MY_y26,RE_PV_MY_y27,RE_PV_MY_y28,RE_PV_MY_y29,RE_PV_MY_y30,RE_WIND_MY_y1,RE_WIND_MY_y2,RE_WIND_MY_y3,RE_WIND_MY_y4,RE_WIND_MY_y5,RE_WIND_MY_y6,RE_WIND_MY_y7,RE_WIND_MY_y8,RE_WIND_MY_y9,RE_WIND_MY_y10,RE_WIND_MY_y11,RE_WIND_MY_y12,RE_WIND_MY_y13,RE_WIND_MY_y14,RE_WIND_MY_y15,RE_WIND_MY_y16,RE_WIND_MY_y17,RE_WIND_MY_y18,RE_WIND_MY_y19,RE_WIND_MY_y20,RE_WIND_MY_y21,RE_WIND_MY_y22,RE_WIND_MY_y23,RE_WIND_MY_y24,RE_WIND_MY_y25,RE_WIND_MY_y26,RE_WIND_MY_y27,RE_WIND_MY_y28,RE_WIND_MY_y29,RE_WIND_MY_y30,PP_CO2_MY_y1,PP_CO2_MY_y2,PP_CO2_MY_y3,PP_CO2_MY_y4,PP_CO2_MY_y5,PP_CO2_MY_y6,PP_CO2_MY_y7,PP_CO2_MY_y8,PP_CO2_MY_y9,PP_CO2_MY_y10,PP_CO2_MY_y11,PP_CO2_MY_y12,PP_CO2_MY_y13,PP_CO2_MY_y14,PP_CO2_MY_y15,PP_CO2_MY_y16,PP_CO2_MY_y17,PP_CO2_MY_y18,PP_CO2_MY_y19,PP_CO2_MY_y20,PP_CO2_MY_y21,PP_CO2_MY_y22,PP_CO2_MY_y23,PP_CO2_MY_y24,PP_CO2_MY_y25,PP_CO2_MY_y26,PP_CO2_MY_y27,PP_CO2_MY_y28,PP_CO2_MY_y29,PP_CO2_MY_y30,EL_Demand_MY_y1,EL_Demand_MY_y2,EL_Demand_MY_y3,EL_Demand_MY_y4,EL_Demand_MY_y5,EL_Demand_MY_y6,EL_Demand_MY_y7,EL_Demand_MY_y8,EL_Demand_MY_y9,EL_Demand_MY_y10,EL_Demand_MY_y11,EL_Demand_MY_y12,EL_Demand_MY_y13,EL_Demand_MY_y14,EL_Demand_MY_y15,EL_Demand_MY_y16,EL_Demand_MY_y17,EL_Demand_MY_y18,EL_Demand_MY_y19,EL_Demand_MY_y20,EL_Demand_MY_y21,EL_Demand_MY_y22,EL_Demand_MY_y23,EL_Demand_MY_y24,EL_Demand_MY_y25,EL_Demand_MY_y26,EL_Demand_MY_y27,EL_Demand_MY_y28,EL_Demand_MY_y29,EL_Demand_MY_y30
23.147926029473595,36.871486832681256,39.08003160398907,39.84859701553699,36.18242922452314,38.92590736703122,41.24044905149166,41.97935519592082,39.073237198657914,44.074968895485924,45.5934415412756,42.51290362201107,43.218476006698495,36.4114631766512,40.57398269788571,39.75844104658288,32.153038273137966,40.57982682528789,34.07125123220677,41.71187726170981,0.0,0.0,0.0,0.0,0.0,0.0,0.0,0.0,0.0,0.0,474.9366120604509,503.355241578164,1132.6433460849632,557.3013897939323,464.66170207924455,1046.6405850607762,436.7027944495985,291.9734301883116,328.7011143081001,291.9366965966774,490.7816018915753,390.1117947266099,227.12880707896073,349.93503663615667,427.9705302953698,483.25316626143257,187.72836022720548,283.8065572829505,322.9942576436578,440.2810869772998,0.0,0.0,0.0,0.0,0.0,0.0,0.0,0.0,0.0,0.0,0.0,0.0,0.0,0.0,0.0,0.0,0.0,0.0,0.0,0.0,0.0,0.0,0.0,0.0,0.0,0.0,0.0,0.0,0.0,0.0,0.0,0.0,0.0,0.0,0.0,0.0,0.0,0.0,0.0,0.0,30.0849342,45.4631535,43.6590984,47.8054301,47.1966563,42.6000716,40.8608763,50.0695317,49.1828781,49.1342919,53.8633252,54.0162356,50.8964305,55.4739951,54.3115262,53.568811,52.7364152,56.4771004,57.9843688,53.5374052,58.3051332,59.1464265,54.3339008,58.3343354,67.3385848,67.3283852,63.2659744,68.6344207,67.3139026,70.5921998
0.6744147774793796,11.612976868783504,11.844824141326656,11.950670393913558,11.037170368274419,10.930676993928616,11.850515413260448,12.31438144347799,10.869968764511261,12.661200830655178,12.983387439298635,12.275523095456684,12.30372413655447,10.398710397231975,11.645032178292901,11.460688483410618,7.928284370180505,11.302541363594424,8.69214502583866,11.523581193274955,0.0,0.0,0.0,0.0,0.0,0.0,0.0,0.0,0.0,0.0,493.87275771680373,479.1723265758185,1145.162535929181,570.843609225259,538.4725789438236,1112.0797186080435,525.7470916295588,295.4424835229687,366.51878227719624,320.1384790617048,460.88364901225674,431.9767519301098,263.51886761637843,418.9519431602714,424.6900196273301,526.1943114591315,216.40827522692396,327.52424758217734,367.8760346714185,500.89315738223337,0.0,0.0,0.0,0.0,0.0,0.0,0.0,0.0,0.0,0.0,0.0,0.0,0.0,0.0,0.0,0.0,0.0,0.0,0.0,0.0,0.0,0.0,0.0,0.0,0.0,0.0,0.0,0.0,0.0,0.0,0.0,0.0,0.0,0.0,0.0,0.0,0.0,0.0,0.0,0.0,29.1706589,43.5811945,41.6035898,45.6721808,45.1569025,40.6156369,39.4071963,47.7893803,47.1598778,46.4639504,51.62678,51.9630391,48.7633593,53.3470449,52.319774,51.6949897,50.5756152,54.2160289,56.2730984,51.6136597,55.9087796,57.0164782,52.0653107,56.6062731,65.5129789,64.9320337,61.4924326,65.6853466,64.8743749,68.2065041
0.0,0.546654650711201,0.5713871597346908,0.5196973889549795,0.4742977473566453,0.524492859452564,0.4845360157929438,0.4097096255436003,0.4160899955403939,0.38037023664989555,0.3845427403435787,0.3451402129343163,0.32159710830745336,0.2538570367527472,0.2729796470500426,0.2778283718565155,0.2785741968299528,0.27555564778349095,0.19578654328503772,0.2530652808033324,0.0,0.0,0.0,0.0,0.0,0.0,0.0,0.0,0.0,0.0,482.30079417577474,444.6216126298443,1117.2772203554186,545.8938533064161,575.290290901295,1144.9888683989695,503.5528350005154,284.92216112323655,354.0900291217625,318.22331955846306,394.17241746465606,404.22828438153323,251.97364645985135,418.166894067315,430.57373755694454,536.2325195043982,201.42884861985812,334.28221303883225,362.51786076300925,491.21605793877626,0.0,0.0,0.0,0.0,0.0,0.0,0.0,0.0,0.0,0.0,0.0,0.0,0.0,0.0,0.0,0.0,0.0,0.0,0.0,0.0,0.0,0.0,0.0,0.0,0.0,0.0,0.0,0.0,0.0,0.0,0.0,0.0,0.0,0.0,0.0,0.0,0.0,0.0,0.0,0.0,28.2894692,42.2445096,40.1849339,44.3025229,44.0439945,39.5795202,37.9639597,46.2694477,45.8512535,44.8636637,49.9340454,50.2242919,47.7551291,51.8957136,51.1377801,50.6702812,49.182817,52.9266069,54.6933229,50.2580999,54.6189255,55.8884992,51.0494108,54.9855731,63.6059182,63.3702852,60.2282593,64.0713328,63.7880051,66.7954907
0.0,0.0,0.0,0.0,0.0,0.0,0.0,0.0,0.0,0.0,0.0,0.0,0.0,0.0,0.0,0.0,0.0,0.0,0.0,0.0,0.0,0.0,0.0,0.0,0.0,0.0,0.0,0.0,0.0,0.0,460.2949350717627,372.32738405615737,1064.837248552857,486.60383065676604,569.234797698273,1141.2040934196345,433.51918119445594,250.89443334980012,311.5743228453256,290.9555974772009,343.4090491512664,380.8300278060479,231.5555427358912,406.9906547706743,412.7195688635709,533.4122732323445,187.87675494686587,307.2451021318512,337.98099143003225,452.16761038537686,0.0,0.0,0.0,0.0,0.0,0.0,0.0,0.0,0.0,0.0,0.0,0.0,0.0,0.0,0.0,0.0,0.0,0.0,0.0,0.0,0.0,0.0,0.0,0.0,0.0,0.0,0.0,0.0,0.0,0.0,0.0,0.0,0.0,0.0,0.0,0.0,0.0,0.0,0.0,0.0,27.4817579,41.1916704,39.1953129,43.4094796,43.1218153,38.85052,37.0810064,45.0164974,45.14945,43.8247021,48.6941243,49.2675758,46.9336197,50.8740236,50.8720674,49.9949545,48.1362088,52.2057497,53.7398735,49.9156126,53.8590068,55.5061159,50.8142778,54.0642034,62.4976286,62.3918719,59.3120165,62.8061713,63.2440192,65.9263672
0.0,0.0,0.0,0.0,0.0,0.0,0.0,0.0,0.0,0.0,0.0,0.0,0.0,0.0,0.0,0.0,0.0,0.0,0.0,0.0,0.0,0.0,0.0,0.0,0.0,0.0,0.0,0.0,0.0,0.0,438.52462115768236,303.1382502029981,1025.6558117017819,421.9705438437294,539.5969769676066,1162.88986035782,366.03625508940945,240.3468411087939,273.3960934745862,265.71968078178406,308.3968304590307,364.81368088078926,213.97083387138747,392.12535066364626,388.3649737803299,530.2899062148242,169.96199470475236,274.2848118720881,322.44908259154704,412.3775304555798,0.0,0.0,0.0,0.0,0.0,0.0,0.0,0.0,0.0,0.0,0.0,0.0,0.0,0.0,0.0,0.0,0.0,0.0,0.0,0.0,0.0,0.0,0.0,0.0,0.0,0.0,0.0,0.0,0.0,0.0,0.0,0.0,0.0,0.0,0.0,0.0,0.0,0.0,0.0,0.0,26.8217041,40.9162834,38.8090142,43.0387896,42.7686221,38.7372408,36.6999066,44.7013048,45.0591926,42.9999904,48.1327627,48.7927315,46.3795185,50.4490104,50.9438316,50.6123583,47.4861751,52.3073523,53.8600333,50.2581404,53.9534188,55.7083013,51.3994059,53.7688264,62.5887171,62.736381,59.8043221,62.9118835,63.3388116,66.2895781
0.0,0.0,0.0,0.0,0.0,0.0,0.0,0.0,0.0,0.0,0.0,0.0,0.0,0.0,0.0,0.0,0.0,0.0,0.0,0.0,0.0,0.0,0.0,0.0,0.0,0.0,0.0,0.0,0.0,0.0,419.44892057444565,252.9033202465067,966.8575325232338,381.1653982484558,522.9015921405885,1180.5032909663503,315.86073088242216,236.82588524904145,250.53410570572294,249.15424124275367,257.05003465553347,334.2738932158825,207.10235648359028,386.6352451226836,365.5455178515487,530.506817230799,149.50274028469784,243.1558844871585,297.58283106684684,378.6256358963316,0.0,0.0,0.0,0.0,0.0,0.0,0.0,0.0,0.0,0.0,0.0,0.0,0.0,0.0,0.0,0.0,0.0,0.0,0.0,0.0,0.0,0.0,0.0,0.0,0.0,0.0,0.0,0.0,0.0,0.0,0.0,0.0,0.0,0.0,0.0,0.0,0.0,0.0,0.0,0.0,26.4875571,41.3748948,38.4154451,43.439367,43.044645,39.2524026,36.3588745,44.4112224,45.1705901,42.8435948,49.2512089,49.6220472,47.5268634,50.6018402,52.0877451,52.5086753,47.4000349,53.4845824,55.0479109,52.5097146,54.4367662,57.7808786,54.0042038,53.6067482,63.7471308,63.8966957,61.5243715,63.2686881,65.0293938,67.6913375
0.0,0.0,0.0,0.0,0.0,0.0,0.0,0.0,0.0,0.0,0.0,0.0,0.0,0.0,0.0,0.0,0.0,0.0,0.0,0.0,0.0,0.0,0.0,0.0,0.0,0.0,0.0,0.0,0.0,0.0,406.0496341814829,226.28814575751161,888.7975644188745,354.2351031412115,493.14686203794895,1174.491895124966,280.2279913088034,249.99165125202788,232.36110690520943,242.17158250783524,214.71209229328988,299.0831008881345,200.21045403861322,379.0437981642369,364.9412623797667,533.220784062684,127.91415152271337,223.75498119265689,284.4982507692505,343.0858687478802,0.0,0.0,0.0,0.0,0.0,0.0,0.0,0.0,0.0,0.0,0.0,0.0,0.0,0.0,0.0,0.0,0.0,0.0,0.0,0.0,0.0,0.0,0.0,0.0,0.0,0.0,0.0,0.0,0.0,0.0,0.0,0.0,0.0,0.0,0.0,0.0,0.0,0.0,0.0,0.0,26.2846147,42.6630791,38.3892109,44.1669181,43.9969097,41.0285154,37.0066314,44.5046611,46.2586406,42.3796868,51.242889,51.6005724,50.4306922,50.543022,53.8683718,54.8038718,47.1086054,55.2649024,57.9067263,55.8408891,55.8644543,60.8537208,58.397087,53.506803,66.1554597,66.9901151,65.6427017,64.0547232,68.7920027,71.5451902
0.0,0.0,0.0,0.0,0.0,0.0,0.0,0.0,0.0,0.0,0.0,0.0,0.0,0.0,0.0,0.0,0.0,0.0,0.0,0.0,0.0,0.0,0.0,0.0,0.0,0.0,0.0,0.0,0.0,0.0,384.07009839850485,209.97993537383005,791.0354746919728,326.25004918640076,470.8242929351336,1151.8217466040571,264.9834349977891,262.80844302589304,220.6802835386824,242.06319746099066,179.35526942210205,282.2039982658883,199.42684530580317,371.48323732852805,350.7054810450879,553.7998886136874,109.44516744740903,204.69257640860528,271.71326149339075,311.98555642536377,0.0,0.0,0.0,0.0,0.0,0.0,0.0,0.0,0.0,0.0,0.0,0.0,0.0,0.0,0.0,0.0,0.0,0.0,0.0,0.0,0.0,0.0,0.0,0.0,0.0,0.0,0.0,0.0,0.0,0.0,0.0,0.0,0.0,0.0,0.0,0.0,0.0,0.0,0.0,0.0,25.5992065,43.9527135,37.6428673,44.9528961,45.3775878,43.2184221,36.9479384,44.3825775,47.8362087,42.3086742,52.6849501,53.6175612,53.4115347,51.7287697,55.5355456,56.7194937,46.7149759,57.0766504,59.8113985,58.6329924,57.4951951,63.0907269,61.0760513,53.3854134,68.4713126,68.9302842,68.5309286,65.4769278,71.0825566,73.272941
0.0,0.0,0.0,0.0,0.0,0.0,0.0,0.0,0.0,0.0,0.0,0.0,0.0,0.0,0.0,0.0,0.0,0.0,0.0,0.0,0.0,0.0,0.0,0.0,0.0,0.0,0.0,0.0,0.0,0.0,355.06202927242407,192.87363534114206,698.1957258664469,296.9541726506792,456.95896923094847,1124.8450439754097,265.01296036774147,272.9280952247244,210.91499005056266,233.39548672402123,147.80282655252287,276.16959133906425,194.41938044387396,357.0645456920732,344.54355039616973,573.1657069989507,95.85259594420194,186.93943332978,257.75388884689846,289.34725632337313,0.0,0.0,0.0,0.0,0.0,0.0,0.0,0.0,0.0,0.0,0.0,0.0,0.0,0.0,0.0,0.0,0.0,0.0,0.0,0.0,0.0,0.0,0.0,0.0,0.0,0.0,0.0,0.0,0.0,0.0,0.0,0.0,0.0,0.0,0.0,0.0,0.0,0.0,0.0,0.0,25.488862,45.2910301,38.070862,46.8425986,47.384014,45.3700412,37.7373061,45.2363485,49.2357184,42.3427007,53.6783434,54.4302223,54.6820105,54.5399984,58.0470687,58.5090524,48.3611664,59.5124686,62.0578677,61.674791,59.7674524,65.1807324,64.5593281,55.5502881,71.0530599,71.9916694,71.4651934,68.9649216,73.5602579,76.2068712
0.0,0.0,0.0,0.0,0.0,0.0,0.0,0.0,0.0,0.0,0.0,0.0,0.0,0.0,0.0,0.0,0.0,0.0,0.0,0.0,0.0,0.0,0.0,0.0,0.0,0.0,0.0,0.0,0.0,0.0,341.43673616931284,180.52700308333007,614.7149652194452,271.75216358512563,448.72821982410085,1095.5632859257869,249.02732928287145,279.3812387259583,193.58729269502004,221.86462314391875,125.80279269922796,279.00630802570134,184.74167263867534,351.81807706986257,333.32954549970776,597.8295859463717,87.3744002079327,165.42705627240872,237.9459994979964,272.94887327492035,0.0,0.0,0.0,0.0,0.0,0.0,0.0,0.0,0.0,0.0,0.0,0.0,0.0,0.0,0.0,0.0,0.0,0.0,0.0,0.0,0.0,0.0,0.0,0.0,0.0,0.0,0.0,0.0,0.0,0.0,0.0,0.0,0.0,0.0,0.0,0.0,0.0,0.0,0.0,0.0,26.1156359,46.6793038,39.0498687,48.5939067,49.2152914,47.7980251,39.4547934,46.6065723,51.3011384,43.5160793,55.6552199,56.2437927,56.8402992,56.8562474,59.6299375,59.777999,49.6888054,61.8433802,63.945175,64.6438277,62.2251294,67.0636863,66.481284,57.2741982,73.1439358,74.5538264,74.8504856,71.7396478,75.5117032,78.1456008
0.0,0.0,0.0,0.0,0.0,0.0,0.0,0.0,0.0,0.0,0.0,0.0,0.0,0.0,0.0,0.0,0.0,0.0,0.0,0.0,0.0,0.0,0.0,0.0,0.0,0.0,0.0,0.0,0.0,0.0,261.41924136001916,170.4954968193737,496.6307190471346,210.4265957127776,424.3644575805242,1048.249305540359,224.78510266407727,290.69297255762865,165.10771640414106,185.60593229569105,114.91761101781638,233.28955626057711,190.09597142264084,327.1212154892056,315.68719758132437,520.7311912345798,76.02102618955604,158.52703937774083,206.40075382712766,245.01399618937612,0.0,0.0,0.0,0.0,0.0,0.0,0.0,0.0,0.0,0.0,0.0,0.0,0.0,0.0,0.0,0.0,0.0,0.0,0.0,0.0,0.0,0.0,0.0,0.0,0.0,0.0,0.0,0.0,0.0,0.0,0.0,0.0,0.0,0.0,0.0,0.0,0.0,0.0,0.0,0.0,26.8962978,47.8292625,39.9958127,49.9909725,50.490014,49.6069715,40.6742548,47.9775197,52.7019614,44.5717746,56.7988826,57.8797265,58.2196954,58.5008339,61.4400297,61.1470539,51.0535295,63.2633037,65.3927222,66.4055158,63.7112696,67.9695656,67.4908957,57.7301151,74.2911078,75.9769955,77.1145478,73.6063742,77.2855092,79.2712662
0.0,0.0,0.0,0.0,0.0,0.0,0.0,0.0,0.0,0.0,0.0,0.0,0.0,0.0,0.0,0.0,0.0,0.0,0.0,0.0,0.0,0.0,0.0,0.0,0.0,0.0,0.0,0.0,0.0,0.0,275.1340039619132,175.99219355680498,459.3577469974237,209.61495037033617,428.60732457038284,1062.9718912347703,219.8479515014152,297.8087294893771,156.2180137090161,165.56183080450046,107.8927251008891,229.69117586931748,186.6280451055198,349.87704293546483,316.08425835938226,573.1280876567265,76.01913568871385,140.46798143082006,191.42035828129954,229.39153596916708,0.0,0.0,0.0,0.0,0.0,0.0,0.0,0.0,0.0,0.0,0.0,0.0,0.0,0.0,0.0,0.0,0.0,0.0,0.0,0.0,0.0,0.0,0.0,0.0,0.0,0.0,0.0,0.0,0.0,0.0,0.0,0.0,0.0,0.0,0.0,0.0,0.0,0.0,0.0,0.0,27.5391817,48.8494781,40.9366839,51.1137964,51.5573745,50.7050441,42.0570499,48.8814202,53.3324275,44.9483701,57.7783491,59.4014384,60.0826367,59.2774488,62.7063217,62.0964355,51.4949082,64.1105045,66.6026161,67.8488653,64.6255276,69.1007445,68.9435825,58.5231247,75.2539223,77.3533841,78.3496102,74.3083915,78.3414364,80.3820154
0.0,0.002612534869199016,0.0014650685737076833,0.0006710628781668059,9.800930207321798e-05,0.0,0.0,0.0,0.0,0.0,0.0,0.0,0.0,0.0,0.0,0.0,0.0,0.0,0.0,0.0,0.0,0.0,0.0,0.0,0.0,0.0,0.0,0.0,0.0,0.0,279.07491458070587,172.0412783461188,440.6722110821967,202.64128370842477,417.7432385282827,1088.120762090269,217.34428181070544,288.97007292056327,141.35017069674925,155.76019548651354,97.66510587585736,219.5124773884739,184.3727483931948,361.76276042938434,312.74998629256106,573.1202998770799,75.23331590590465,128.99344377968362,177.62821730475616,224.6232344146003,0.0,0.0,0.0,0.0,0.0,0.0,0.0,0.0,0.0,0.0,0.0,0.0,0.0,0.0,0.0,0.0,0.0,0.0,0.0,0.0,0.0,0.0,0.0,0.0,0.0,0.0,0.0,0.0,0.0,0.0,0.0,0.0,0.0,0.0,0.0,0.0,0.0,0.0,0.0,0.0,27.8138998,49.6277436,41.5406967,51.9232779,52.5699849,51.7297934,42.3462749,49.2421459,54.3036938,45.5379003,58.6718072,59.9757557,61.0582797,60.0281736,63.4044424,62.4620755,52.3034736,65.0417534,67.2566185,68.7971981,64.8881587,69.5708024,69.1686316,58.2475552,75.5665244,78.1511806,79.2888833,75.5368519,78.4074857,80.7793099
0.0,2.170532901222711,2.187089029875173,1.8142239552491768,1.9281124119869424,2.1003432415060104,1.9358068866364504,1.5948582465319154,1.2100857466150576,1.368009652650462,1.298339391776333,1.2881236668538343,1.0274327689671745,1.0350520580593268,1.0354880507063915,0.7655340527495457,0.8796602768174783,0.8498149349997365,0.524760248711441,0.7105285567667611,0.0,0.0,0.0,0.0,0.0,0.0,0.0,0.0,0.0,0.0,294.1022248588469,170.45987047725137,423.9926150627436,202.22683315788373,412.57121327097576,1093.1280908314147,223.5609601653002,288.1660137006958,133.45230245328173,157.07775076195458,90.73154167505906,203.32365230402598,193.77383503229032,366.81018568297327,315.2861777606891,532.3910184538252,79.76589243777347,116.03269667683422,176.00565171520313,225.3334838547274,0.0,0.0,0.0,0.0,0.0,0.0,0.0,0.0,0.0,0.0,0.0,0.0,0.0,0.0,0.0,0.0,0.0,0.0,0.0,0.0,0.0,0.0,0.0,0.0,0.0,0.0,0.0,0.0,0.0,0.0,0.0,0.0,0.0,0.0,0.0,0.0,0.0,0.0,0.0,0.0,28.1164207,50.0873746,42.1978906,52.2551457,52.8877439,52.1975947,42.5470001,49.7647049,54.6244016,45.6872829,58.73444,60.628349,61.73611,59.7296608,63.8797304,62.8288824,52.4598378,65.5641337,67.5851594,69.2531403,64.9631095,69.867744,69.6045939,58.2805148,75.1327638,78.5821326,79.4102691,75.4625024,78.9510272,80.5115926
4.621649998350439,21.529521295643924,22.19657367665564,21.154910262257303,20.61617524434689,20.703288861607394,22.687595124242097,21.75396613806543,18.4050088534292,20.600839952203213,19.58374308338557,19.76608402052476,17.614086113240123,16.11003721332085,17.099185621229147,14.166203483473689,11.832193729559448,15.044972577859705,11.134729742464213,13.311954093215403,0.0,0.0,0.0,0.0,0.0,0.0,0.0,0.0,0.0,0.0,304.2401872845754,166.58532076818489,417.85770513014364,189.92252099652057,408.2586167670785,1059.9005613085858,221.04832475606625,266.1057929121896,119.07613538959887,148.56576158185322,83.29826996096301,182.57813987319466,192.5066157779482,367.93761798511383,292.4073745839627,498.436956573212,77.35094075155135,100.74491805578937,162.8635714367533,222.12613433381395,0.0,0.0,0.0,0.0,0.0,0.0,0.0,0.0,0.0,0.0,0.0,0.0,0.0,0.0,0.0,0.0,0.0,0.0,0.0,0.0,0.0,0.0,0.0,0.0,0.0,0.0,0.0,0.0,0.0,0.0,0.0,0.0,0.0,0.0,0.0,0.0,0.0,0.0,0.0,0.0,27.9957331,50.5283833,42.3022873,52.4071647,53.0133125,52.5594734,42.8155498,49.5697562,55.0232169,45.8372592,58.7291763,61.1219454,62.1118468,59.1418239,64.265503,62.8711679,52.584612,65.7846626,67.4812686,69.1703485,63.7284561,69.4931726,68.8425555,58.1469202,75.1092282,79.4951165,79.9465963,74.1817128,78.6975662,80.2799282
25.898650162186282,53.1172603445032,54.85924412478685,53.66082212958787,52.77781861175695,50.54114007720911,57.73387073889775,57.401768881424836,50.00319750353177,55.748903580562214,53.53578966565343,55.88721885925336,52.20678187011946,48.31657459628865,50.22502463397004,45.82541286717126,38.61308277753371,48.60478226226637,38.59906507787225,45.55599103953285,0.0,0.0,0.0,0.0,0.0,0.0,0.0,0.0,0.0,0.0,330.91112704202607,176.74053895255395,467.8197624856423,189.9905541435085,390.0857273473918,972.1845475434608,207.63292877692956,209.42557913630088,112.40647955448911,152.1410801152049,82.70583851556582,169.11187506548256,190.22932956738924,351.3773364674859,262.914316544719,535.0725242078853,74.44555763999838,88.9474516069758,144.3378683264591,239.3765393929271,0.0,0.0,0.0,0.0,0.0,0.0,0.0,0.0,0.0,0.0,0.0,0.0,0.0,0.0,0.0,0.0,0.0,0.0,0.0,0.0,0.0,0.0,0.0,0.0,0.0,0.0,0.0,0.0,0.0,0.0,0.0,0.0,0.0,0.0,0.0,0.0,0.0,0.0,0.0,0.0,28.2227421,50.8454093,42.5281722,52.7783297,53.4296173,53.1098178,42.8995979,49.734873,55.4392745,45.763488,59.2515331,61.9137272,62.4515875,58.8019235,64.7975165,63.3988301,52.2954631,65.9284724,68.1277852,70.3202118,62.8118811,70.0547635,69.4968422,57.492678,74.8665765,80.0336039,80.3984963,73.2665448,79.3591598,80.8481605
54.22723574009805,82.3802623898779,85.05885545937548,84.99512804998963,82.66196348008035,79.08110090279884,89.07869777863577,89.68688232115831,79.86066195873333,87.33426736786129,85.40986937902623,88.79918214476348,83.3075071328982,79.88208849606418,82.1819025776502,76.77091007393363,64.47862371369001,80.25863441596626,68.57841952389889,77.73902468587829,0.0,0.0,0.0,0.0,0.0,0.0,0.0,0.0,0.0,0.0,309.12370152768983,170.40091930849533,449.57102647585396,177.17677183501308,371.85730705713297,925.9499937058462,201.2376183305383,174.51321713550502,102.37561870783884,124.58309051605615,72.35589035344255,164.21112924933476,216.2772153569024,329.956766087681,223.84374425345507,490.57937001447874,76.68414095196638,75.49714379431137,170.72561905246982,224.45069783437944,0.0,0.0,0.0,0.0,0.0,0.0,0.0,0.0,0.0,0.0,0.0,0.0,0.0,0.0,0.0,0.0,0.0,0.0,0.0,0.0,0.0,0.0,0.0,0.0,0.0,0.0,0.0,0.0,0.0,0.0,0.0,0.0,0.0,0.0,0.0,0.0,0.0,0.0,0.0,0.0,28.581719,50.9036102,42.6895978,52.8683334,53.6520781,53.2892596,43.081447,49.7663749,55.7254636,46.1450205,59.1921984,62.3060324,62.8918648,58.0617782,65.0122012,63.2103895,52.2328196,65.9571763,67.7476996,69.9917487,62.7804421,69.6297729,69.501326,57.6109941,74.3630588,79.7875356,80.6340838,72.9734444,79.4324561,80.4541069
77.35987109816857,103.43039156245771,105.81242401693252,105.4389659139666,104.34231228622806,99.9290991578003,111.29280849327468,111.68524806473195,101.40101777218045,109.2514422207635,108.11344858080406,111.29137018228485,105.80403784942348,102.7471835040273,104.9154436331037,98.58490321934562,84.24827626472253,103.02207741666048,90.92872500480416,100.84345925487007,0.0,0.0,0.0,0.0,0.0,0.0,0.0,0.0,0.0,0.0,303.27892476000267,245.2582935715199,452.49318901156164,220.80410612625113,380.8486953325617,1178.7225900795354,205.89943160465356,217.70298711352316,123.32335906831112,175.13781082754576,71.92007490687963,165.97877230956516,231.76775099625036,338.1085851610583,247.79076910015996,567.0835278690793,79.35620555095086,66.84983567572078,250.7682985077611,212.05821393946422,0.0,0.0,0.0,0.0,0.0,0.0,0.0,0.0,0.0,0.0,0.0,0.0,0.0,0.0,0.0,0.0,0.0,0.0,0.0,0.0,0.0,0.0,0.0,0.0,0.0,0.0,0.0,0.0,0.0,0.0,0.0,0.0,0.0,0.0,0.0,0.0,0.0,0.0,0.0,0.0,29.3857398,50.4576975,42.7311781,52.096577,53.03052,52.7735169,43.3019623,49.3726825,55.1512924,46.1784324,58.2906525,61.5888106,62.0511058,57.8651314,63.5820444,62.5918144,52.6952362,64.552574,67.0184418,69.0695895,62.4169012,69.4272735,68.7115396,57.9846209,73.3117285,78.4261116,79.4340198,72.4480133,78.2453634,80.5527687
92.58083699736198,117.20526494105121,119.56295932804161,119.52056676631798,119.52111295658437,115.23436138304133,125.69418332436884,126.03714906960813,116.16012931878633,123.720189032139,122.93539122620355,126.25575996295491,120.67138555324561,118.12798870772114,120.21954873224865,112.7251718915758,99.51767947191988,118.48411999180409,105.24552099386923,116.00313319209903,0.0,0.0,0.0,0.0,0.0,0.0,0.0,0.0,0.0,0.0,361.3251056195219,371.2870362417748,438.11283273197756,302.19226366191697,401.17620367225396,1400.1501055640758,235.94876276016618,316.667777379783,175.98943126257407,299.88120958544084,89.63061005389201,188.2579734186761,369.99209008343615,512.4510976032396,326.9262956094679,707.5181446493464,102.11379078674717,70.79101698186567,389.4372032262279,223.69648541534283,0.0,0.0,0.0,0.0,0.0,0.0,0.0,0.0,0.0,0.0,0.0,0.0,0.0,0.0,0.0,0.0,0.0,0.0,0.0,0.0,0.0,0.0,0.0,0.0,0.0,0.0,0.0,0.0,0.0,0.0,0.0,0.0,0.0,0.0,0.0,0.0,0.0,0.0,0.0,0.0,32.8697536,49.3231467,43.0076428,50.8803974,51.7436386,51.5968563,43.3193158,48.5442118,54.0672717,46.1207773,56.4726012,59.9031108,60.7392968,58.2261994,62.8079755,62.3242913,54.3196947,64.0552632,66.6688548,68.1628443,63.0161544,68.5218837,68.6942871,60.1889544,72.997811,77.4224424,78.6178012,73.7950937,78.1085139,80.7297104
98.78539182027141,123.28988750882702,123.94967140802325,124.99133123658942,127.29722015847243,121.32829171760403,132.01636468322516,132.1071179548368,124.15987063905442,129.88903190841373,128.02268643807298,133.0641639624414,127.24142352988393,124.27046428417998,127.28289114277138,118.7156184298435,111.13657468898325,125.37490761801752,112.78605388406656,121.13839382001147,0.0,0.0,0.0,0.0,0.0,0.0,0.0,0.0,0.0,0.0,414.8455445149095,477.3479733866082,415.91696326645996,372.5589504746731,443.29807716294613,1548.6356818736056,259.528309387227,400.3771786023923,221.75057441447913,450.49033692039046,115.68976621290298,210.14313421805494,496.3355848951976,687.0109651927031,396.1268231179534,855.382514341486,146.5290448368754,87.3044414731624,506.8482968906748,253.0035611182709,0.0,0.0,0.0,0.0,0.0,0.0,0.0,0.0,0.0,0.0,0.0,0.0,0.0,0.0,0.0,0.0,0.0,0.0,0.0,0.0,0.0,0.0,0.0,0.0,0.0,0.0,0.0,0.0,0.0,0.0,0.0,0.0,0.0,0.0,0.0,0.0,0.0,0.0,0.0,0.0,34.8179629,48.6447841,44.1591135,50.3499473,51.1672595,51.1725873,43.7344111,48.3588464,53.668368,47.4635002,56.1899187,59.4517679,60.6006863,61.2900459,65.2462223,65.5042235,59.2638087,66.6542092,69.5381365,71.3644776,67.2222101,71.1736286,72.0866818,64.2755057,75.5256776,80.9541011,81.943456,78.4669031,81.1435463,82.6188252
92.39379674687255,119.71596063974017,120.61941378789354,122.10240127723348,124.6618656220607,118.32818781485459,129.07007698614254,128.9927225596909,121.83651520237989,127.55751985637238,124.19238761358673,130.9916958069872,124.70902161084149,120.7322685469638,125.00109368557193,116.78924052598677,111.21578994550079,123.64828620537979,111.42590446231705,119.16232126266642,0.0,0.0,0.0,0.0,0.0,0.0,0.0,0.0,0.0,0.0,454.8996873948773,565.853999216334,414.5688036639291,478.4737110174885,491.86545248369197,1643.9779237435105,292.85073320628305,460.1629647160437,268.54319811359966,552.1616488537014,152.90158635390404,231.21761454007057,593.8694761800715,820.1703162349157,431.0268199871827,957.5713308818636,196.37746395712375,110.98798498881378,593.1368877758632,291.52630490662494,0.0,0.0,0.0,0.0,0.0,0.0,0.0,0.0,0.0,0.0,0.0,0.0,0.0,0.0,0.0,0.0,0.0,0.0,0.0,0.0,0.0,0.0,0.0,0.0,0.0,0.0,0.0,0.0,0.0,0.0,0.0,0.0,0.0,0.0,0.0,0.0,0.0,0.0,0.0,0.0,34.9473714,49.4195638,47.1838453,51.2434034,52.8580155,52.7864459,46.6314284,50.2587344,56.0278731,50.9488824,58.437324,61.6661719,62.6350641,61.9155433,65.6728514,65.9984116,60.7470145,66.9662119,69.7553365,71.8859438,67.5432983,71.1788409,72.4279112,65.2493128,75.2457845,81.5893756,81.8897251,79.2099757,81.0889498,82.3342317
80.45723779783874,108.68433459226995,110.07811716387806,111.79827381296826,115.08522697056686,109.21340170384187,118.77129193667847,118.53663158021266,111.7438411072498,117.34839298839165,113.9556560974677,121.64117964454215,113.79535170736185,111.03900988019979,114.35394862702807,106.8239205679942,103.66823993783451,114.62992796804842,101.80820454757372,109.5199545953027,0.0,0.0,0.0,0.0,0.0,0.0,0.0,0.0,0.0,0.0,469.42692665256425,638.0760092445993,430.12191242890185,547.9973019335557,549.2737056541674,1733.9855008785532,332.9735680399035,486.66367829849594,306.18419262899846,614.8387133884473,190.4318679898058,254.13049031364844,668.6720597495773,936.9987871188061,434.1113700447392,1008.4127058901256,237.84846447102254,143.29425614893086,626.5493042619116,339.16470496163726,0.0,0.0,0.0,0.0,0.0,0.0,0.0,0.0,0.0,0.0,0.0,0.0,0.0,0.0,0.0,0.0,0.0,0.0,0.0,0.0,0.0,0.0,0.0,0.0,0.0,0.0,0.0,0.0,0.0,0.0,0.0,0.0,0.0,0.0,0.0,0.0,0.0,0.0,0.0,0.0,34.3531538,49.7078265,48.3115085,51.4982264,53.0876939,52.9888638,47.4271588,50.644964,56.479852,52.304829,58.600035,61.9012921,62.8216998,60.5334165,63.969275,64.1235405,59.7878543,64.9103704,67.5397485,69.7242326,65.3867476,68.7504553,70.0809417,63.5671963,73.0715496,79.4188215,79.6379238,76.7722065,78.2488233,79.7523555
62.0745523180059,90.73324345866097,90.96636814122742,92.88350804116217,97.3593030158851,90.45021036021294,101.00504414716212,100.73915025109059,94.53645551549428,100.50435332592657,97.39699578979275,104.274498681433,95.33494719090656,92.65179193330104,96.81492199425048,89.38752663417736,88.51657329988957,97.81773891179667,85.81738257175937,93.57604826080455,0.0,0.0,0.0,0.0,0.0,0.0,0.0,0.0,0.0,0.0,408.4302273030799,618.3912442915666,421.3090442641629,508.6889192089725,485.5671408550953,1629.8034478184554,352.21760838220234,426.28807678929724,280.8514999559355,501.68717391654957,201.24170937546367,217.8694864444051,661.6057536968818,964.568067716484,361.6931678724669,859.1910600805289,241.46356271092316,199.28590848263215,616.776720942251,336.20954643280265,0.0,0.0,0.0,0.0,0.0,0.0,0.0,0.0,0.0,0.0,0.0,0.0,0.0,0.0,0.0,0.0,0.0,0.0,0.0,0.0,0.0,0.0,0.0,0.0,0.0,0.0,0.0,0.0,0.0,0.0,0.0,0.0,0.0,0.0,0.0,0.0,0.0,0.0,0.0,0.0,32.9080434,49.0358429,47.4837036,50.905798,52.2615631,52.1603761,46.3863111,50.1046505,55.4347112,50.8949328,57.807962,60.6402686,61.2376205,58.1708284,61.7604245,61.1143161,56.8911631,62.8116112,64.6526361,66.782565,62.4874589,65.8725022,66.675866,60.9249422,70.8885997,76.8782726,76.6286542,73.4931879,75.3998509,76.6093371
39.07995237417343,66.06032498950636,65.82306652545961,67.67908796504553,72.23154974792288,64.87913974263355,74.2357396573844,74.9214979110833,69.1059126329467,74.63223641695748,71.4225529662856,77.73368015922892,70.74185766286868,68.90534470235933,71.31126171273299,66.12999487897943,66.52144700800862,72.70859014086936,62.09884797782022,69.30820897366704,0.0,0.0,0.0,0.0,0.0,0.0,0.0,0.0,0.0,0.0,430.1943568224595,640.8251432765111,470.0050546330178,525.7413520586025,488.3165315802441,1633.056709020013,383.6767435206791,413.4179894563453,299.48948780087494,537.4092850597401,245.97743624503306,216.12623893930208,701.19304886792,1046.2727466796025,375.39712741859216,820.6445210301932,285.56813166071805,242.68597664129337,585.4369235090462,360.6036213035332,0.0,0.0,0.0,0.0,0.0,0.0,0.0,0.0,0.0,0.0,0.0,0.0,0.0,0.0,0.0,0.0,0.0,0.0,0.0,0.0,0.0,0.0,0.0,0.0,0.0,0.0,0.0,0.0,0.0,0.0,0.0,0.0,0.0,0.0,0.0,0.0,0.0,0.0,0.0,0.0,31.2260746,47.8855514,45.1637585,49.7863926,50.9326085,50.4593119,44.0930692,48.7368926,53.4921772,48.4945795,56.1134663,58.0126214,58.7147577,55.0390605,59.1358961,57.5420284,53.5283411,60.3006609,61.5071857,63.0643393,58.9503286,62.7201787,63.6093759,56.7289352,68.4026242,73.4078912,72.6794036,69.8122183,71.809335,72.9981635
38.93329900994529,30.985511683386296,31.532546261553968,26.406110301210806,26.462759314990645,35.89156179698919,33.04086358489157,31.01081785271471,32.47758243048821,34.094750113604604,33.116344413011966,31.378612538383493,32.3876328155624,31.866233944925092,35.958995411085894,34.79410315589974,29.752192668076393,33.19435045718156,32.970670366602576,27.797416675559735,0.0,0.0,0.0,0.0,0.0,0.0,0.0,0.0,0.0,0.0,286.8089062001293,563.3199639101334,591.0711929650689,1979.4546896791028,1044.3015251772713,1714.6437663977322,829.2166661810325,321.4473490579454,714.4340593021367,662.541860435301,951.9399651812992,424.44690851703524,1328.854204688629,818.4286135411688,426.7598742705547,281.795609862804,596.4174992436544,532.6719681983728,489.03351790113163,465.15465242821745,0.0,0.0,0.0,0.0,0.0,0.0,0.0,0.0,0.0,0.0,0.0,0.0,0.0,0.0,0.0,0.0,0.0,0.0,0.0,0.0,0.0,0.0,0.0,0.0,0.0,0.0,0.0,0.0,0.0,0.0,0.0,0.0,0.0,0.0,0.0,0.0,0.0,0.0,0.0,0.0,42.1943749,51.0015983,52.4786076,49.0288775,54.4256614,56.8687413,54.4399293,60.0836243,61.7149608,61.9581898,58.4754987,64.2094233,65.8756873,62.6392409,68.3048341,69.0373867,68.7693712,66.7223559,70.6338725,71.3724815,68.5746262,76.3316902,78.7678566,81.1273279,77.2671683,83.5924822,86.2999422,78.068787,86.5361954,87.6602241
12.467037398549005,8.1321634744975,9.299164017638267,7.96772813927533,7.9174644473874665,10.93773862068328,10.454033396572738,9.790054720045388,10.716842799895996,11.234401086589049,11.252293254864101,9.952983806266106,10.690363332578178,11.28580903881705,12.647872115535476,12.460350560740967,10.217670148632223,11.717252605437283,12.772835349275502,10.34140257634289,0.0,0.0,0.0,0.0,0.0,0.0,0.0,0.0,0.0,0.0,306.7907959997294,538.7792622129667,575.0709961912743,1886.9013691480043,1074.9979977257817,1474.9068409230188,894.1178449286929,398.89233406377,742.3324172997026,728.0445966723294,823.6359265258312,463.79298264200025,1199.512552220272,713.9700612203898,473.1474674731229,294.95340186200804,538.1712162782533,656.3343135362658,496.86377835286663,509.7074635733351,0.0,0.0,0.0,0.0,0.0,0.0,0.0,0.0,0.0,0.0,0.0,0.0,0.0,0.0,0.0,0.0,0.0,0.0,0.0,0.0,0.0,0.0,0.0,0.0,0.0,0.0,0.0,0.0,0.0,0.0,0.0,0.0,0.0,0.0,0.0,0.0,0.0,0.0,0.0,0.0,40.4885749,49.222848,50.913715,47.2946412,52.3098198,54.780035,52.1170143,58.0512664,59.5536426,59.7370754,56.4518294,61.6157275,63.6825025,60.1184174,65.9762305,66.0223204,66.1302415,64.3742231,67.7681456,68.8865818,66.1864781,73.5930392,75.6852254,78.2719962,74.7442888,80.5139349,82.850342,75.7317711,83.6799712,84.0868212
0.6116304419551367,0.3314529818709312,0.39720689869649706,0.4072841116272584,0.4992047454288061,0.5760848402105493,0.6450658457669612,0.7489351328467784,0.8040038713777388,0.8633876214777813,0.8890402215172735,0.9155551985416374,0.9287730798784418,1.1355557639121558,1.1242801064181143,1.2862133232767226,1.1243325833216387,1.1311115339538544,1.274685454365,1.1779349244007884,0.0,0.0,0.0,0.0,0.0,0.0,0.0,0.0,0.0,0.0,301.0072673243934,507.6242278487049,579.8168151506665,1812.7939644651956,1066.0800147553398,1360.316122128909,909.8808609703354,420.61196284493116,736.4265660228017,701.2143290698082,753.6207524105617,475.3462537418986,1099.7641840296203,648.6863761475486,500.52733254972793,282.24691721147104,523.9714245413429,740.4430774603837,459.03857420068744,554.4751861791415,0.0,0.0,0.0,0.0,0.0,0.0,0.0,0.0,0.0,0.0,0.0,0.0,0.0,0.0,0.0,0.0,0.0,0.0,0.0,0.0,0.0,0.0,0.0,0.0,0.0,0.0,0.0,0.0,0.0,0.0,0.0,0.0,0.0,0.0,0.0,0.0,0.0,0.0,0.0,0.0,39.0261706,47.6665118,49.3114637,45.6237572,50.7863459,53.1760547,50.7081474,56.2231953,57.7244572,57.6896045,54.5716138,59.7169742,61.732399,58.650865,64.1887282,64.1269129,64.4847574,62.1842203,65.7725856,66.9176874,63.9236231,71.148596,73.6672,76.0866321,72.5394606,77.9905246,80.1247642,73.1424315,80.7620337,81.9772361
0.0,0.0,0.0,0.0,0.0,0.0,0.0,0.0,0.0,0.0,0.0,0.00011637570050536777,0.0009347544907376847,0.0015693611684723411,0.005081004938398031,0.004922337390586306,0.009967987668098017,0.009782410328984338,0.013861588458794424,0.012646501119845893,0.0,0.0,0.0,0.0,0.0,0.0,0.0,0.0,0.0,0.0,253.0479591590887,453.28355177115174,563.9757884546248,1714.1876832378819,991.0539406231252,1246.958378841177,867.0524355880315,401.01495279576955,708.1318287250492,607.5706908061713,682.1537901486199,464.8427597251956,972.6241220449323,591.6453632649146,477.12440012414686,247.02613434432598,514.536280310243,760.3735764980983,411.6726914830691,515.2326739557726,0.0,0.0,0.0,0.0,0.0,0.0,0.0,0.0,0.0,0.0,0.0,0.0,0.0,0.0,0.0,0.0,0.0,0.0,0.0,0.0,0.0,0.0,0.0,0.0,0.0,0.0,0.0,0.0,0.0,0.0,0.0,0.0,0.0,0.0,0.0,0.0,0.0,0.0,0.0,0.0,38.1641022,46.7544805,48.2674566,44.692536,49.6296594,51.9444658,49.7788773,55.09501,56.2928124,56.7011556,53.2942186,58.4111187,60.1012653,56.9654388,62.458926,62.817404,63.2389339,60.6572037,64.3303952,65.3278857,62.687783,69.6901621,71.6927188,74.410697,70.484654,76.3434913,78.6861544,71.3936428,78.9656272,80.0705611
0.0,0.0,0.0,0.0,0.0,0.0,0.0,0.0,0.0,0.0,0.0,0.0,0.0,0.0,0.0,0.0,0.0,0.0,0.0,0.0,0.0,0.0,0.0,0.0,0.0,0.0,0.0,0.0,0.0,0.0,212.43048855948962,417.2217023635393,527.9049820060471,1620.551829343778,889.7918533415229,1147.863689100027,784.0217283432769,381.77373803872194,671.3641098320542,546.8045929202384,604.4722691331559,448.9050969875826,857.471409366089,557.6554372549366,435.1203356447227,214.00927872202837,516.6932554031149,763.3430829775941,392.63884956500726,502.3263706457802,0.0,0.0,0.0,0.0,0.0,0.0,0.0,0.0,0.0,0.0,0.0,0.0,0.0,0.0,0.0,0.0,0.0,0.0,0.0,0.0,0.0,0.0,0.0,0.0,0.0,0.0,0.0,0.0,0.0,0.0,0.0,0.0,0.0,0.0,0.0,0.0,0.0,0.0,0.0,0.0,37.8713753,46.0052474,47.5942161,43.652029,49.2268803,51.4070562,49.332027,54.4795125,55.9843338,55.8886489,52.2359531,57.6651126,59.2147861,56.627056,61.6151377,61.8565382,62.3004389,59.6580973,63.9121978,64.6897275,62.2541459,68.8079569,71.1653086,73.4192515,69.3427399,75.4627588,77.7722335,70.8789595,77.7242686,79.0023302
0.0,0.0,0.0,0.0,0.0,0.0,0.0,0.0,0.0,0.0,0.0,0.0,0.0,0.0,0.0,0.0,0.0,0.0,0.0,0.0,0.0,0.0,0.0,0.0,0.0,0.0,0.0,0.0,0.0,0.0,203.8985514494444,391.80840996418783,495.53084823573704,1601.8779366207498,779.6851787845545,1037.7112977399577,680.7539529555876,353.18692723267367,632.709392416069,507.70033232173444,535.452759596972,444.4067505958052,752.0712696116501,546.7054449288813,388.21780297091874,193.99509289288608,530.74578480158,763.8848322130887,389.2804601208773,495.847418388461,0.0,0.0,0.0,0.0,0.0,0.0,0.0,0.0,0.0,0.0,0.0,0.0,0.0,0.0,0.0,0.0,0.0,0.0,0.0,0.0,0.0,0.0,0.0,0.0,0.0,0.0,0.0,0.0,0.0,0.0,0.0,0.0,0.0,0.0,0.0,0.0,0.0,0.0,0.0,0.0,38.4528562,46.0836606,47.6728932,43.3989444,49.1673285,51.4584975,49.4521756,53.6667952,55.4943757,55.8670351,51.6694548,57.6625495,59.4667518,57.1721503,60.7952635,61.6759139,62.0693929,58.8625641,63.4293721,64.5003291,62.8214373,68.1293957,70.7980581,72.9524487,68.2231712,75.2316579,77.6076179,71.344062,76.9985325,78.8334021
0.0,0.0,0.0,0.0,0.0,0.0,0.0,0.0,0.0,0.0,0.0,0.0,0.0,0.0,0.0,0.0,0.0,0.0,0.0,0.0,0.0,0.0,0.0,0.0,0.0,0.0,0.0,0.0,0.0,0.0,214.56097168902753,363.23225377430657,478.86016120445424,1606.6263888733013,665.1703467689479,968.1346643315378,594.0703832765759,326.51417395227685,593.8779198909925,467.96944890842053,482.07982414362675,468.0632562804494,668.1605302472088,545.7309260610758,354.9157092778099,186.19632974184748,545.5763032788583,757.082407909422,386.2086397568922,471.15692566331535,0.0,0.0,0.0,0.0,0.0,0.0,0.0,0.0,0.0,0.0,0.0,0.0,0.0,0.0,0.0,0.0,0.0,0.0,0.0,0.0,0.0,0.0,0.0,0.0,0.0,0.0,0.0,0.0,0.0,0.0,0.0,0.0,0.0,0.0,0.0,0.0,0.0,0.0,0.0,0.0,40.4847961,46.990189,48.7749578,42.7444317,49.9741493,52.3810408,51.2903148,53.505975,56.267629,56.7134587,50.8605526,58.4985495,60.1842239,58.6420171,60.5632048,62.3816539,63.1028288,57.7325065,64.7798026,65.4368889,64.77293,67.8855755,71.8717778,73.6426661,67.4032192,76.0281928,78.620108,73.9548317,76.8994961,80.0910683
0.0,0.0,0.0,0.0,0.0,0.0,0.0,0.0,0.0,0.0,0.0,0.0,0.0,0.0,0.0,0.0,0.0,0.0,0.0,0.0,0.0,0.0,0.0,0.0,0.0,0.0,0.0,0.0,0.0,0.0,212.8118499554778,328.99124489659886,446.9613320441183,1604.1947780993826,583.8779524017745,906.9004764861269,508.6758398385441,296.4719068212606,545.9134932511946,425.8872434694142,451.84537304617146,491.344024323369,607.7203970516442,547.7758629752295,335.91447398167367,185.18337617022192,544.3969570326693,738.4029700789571,390.942398611205,435.5880929548691,0.0,0.0,0.0,0.0,0.0,0.0,0.0,0.0,0.0,0.0,0.0,0.0,0.0,0.0,0.0,0.0,0.0,0.0,0.0,0.0,0.0,0.0,0.0,0.0,0.0,0.0,0.0,0.0,0.0,0.0,0.0,0.0,0.0,0.0,0.0,0.0,0.0,0.0,0.0,0.0,41.9565892,48.0306373,49.6834545,41.9988995,50.9050255,53.4932411,53.0659542,53.8012485,57.2023404,57.7697521,49.8666576,59.3784485,61.5148206,60.722683,60.6459808,63.2648443,64.2646151,56.9684977,65.6771509,66.9843595,66.772125,67.7106712,72.8733276,75.0472308,66.0085566,76.8727193,79.4366832,76.5942297,76.7345309,81.3693387
0.0,0.0,0.0,0.0,0.0,0.0,0.0,0.0,0.0,0.0,0.0,0.0,0.0,0.0,0.0,0.0,0.0,0.0,0.0,0.0,0.0,0.0,0.0,0.0,0.0,0.0,0.0,0.0,0.0,0.0,184.60030876256988,291.04312627357615,412.22068462111037,1603.7712503758892,512.5239597920705,864.2662486050544,440.38761827700824,269.2681097690593,482.8357386643367,398.3150279426387,450.5643719234319,495.6181966413623,555.2212622160387,549.8254138430519,309.37556233574566,165.21608496245165,508.41524163419564,726.4694257799279,399.6602190561159,408.36404585299107,0.0,0.0,0.0,0.0,0.0,0.0,0.0,0.0,0.0,0.0,0.0,0.0,0.0,0.0,0.0,0.0,0.0,0.0,0.0,0.0,0.0,0.0,0.0,0.0,0.0,0.0,0.0,0.0,0.0,0.0,0.0,0.0,0.0,0.0,0.0,0.0,0.0,0.0,0.0,0.0,43.5475712,49.1851479,51.0484634,42.1368376,52.5274298,55.0404726,55.1079425,54.7977665,58.7307437,59.6371902,49.7741899,61.7740925,63.3849062,63.431135,62.2786591,65.3814584,66.3545269,57.5620998,68.2424465,69.2383501,69.7575799,69.6821469,75.695472,77.7327682,66.6126121,80.0994992,82.4379003,79.8034554,78.5249716,84.4119527
0.0,0.0,0.0,0.0,0.0,0.0,0.0,0.0,0.0,0.0,0.0,0.0,0.0,0.0,0.0,0.0,0.0,0.0,0.0,0.0,0.0,0.0,0.0,0.0,0.0,0.0,0.0,0.0,0.0,0.0,153.5142061325602,246.51645989980375,373.3605960305006,1595.4639600818975,454.59075562464477,822.7446200355067,376.04340956757056,238.5695843246689,430.1631724645983,372.30589702018216,456.04816006143324,501.48908949115076,503.07346962972736,550.9649979836271,296.2385712785824,138.2328392121182,458.03168122352133,707.1735232849086,421.0428469076928,370.3805502462994,0.0,0.0,0.0,0.0,0.0,0.0,0.0,0.0,0.0,0.0,0.0,0.0,0.0,0.0,0.0,0.0,0.0,0.0,0.0,0.0,0.0,0.0,0.0,0.0,0.0,0.0,0.0,0.0,0.0,0.0,0.0,0.0,0.0,0.0,0.0,0.0,0.0,0.0,0.0,0.0,45.4197776,50.9676076,52.9164389,43.3349848,54.5896557,56.9759995,57.6110658,56.5046625,61.205788,61.6479559,51.212081,63.6482297,66.0420541,66.4818136,64.3175231,67.938003,69.1595479,59.4511963,70.897222,71.6855816,73.4576299,72.2552481,78.6051623,80.6724553,68.15146,83.6842838,85.4362461,83.8438769,81.6925256,88.0246091
0.0,0.0,0.0,0.0,0.0,0.0,0.0,0.0,0.0,0.0,0.0,0.0,0.0,0.0,0.0,0.0,0.0,0.0,0.0,0.0,0.0,0.0,0.0,0.0,0.0,0.0,0.0,0.0,0.0,0.0,106.39317416861809,186.6897932475181,314.13905341883077,1612.9062885038861,343.816706385113,701.7586978692307,322.1382281357732,222.48744401778671,389.8103446656551,321.0191850126524,505.3166508997168,428.89043813005077,401.6460448092932,460.68725701993566,246.43256795645374,90.85287554317163,387.3081886642225,660.7906100330356,374.8688077101,328.4090083993651,0.0,0.0,0.0,0.0,0.0,0.0,0.0,0.0,0.0,0.0,0.0,0.0,0.0,0.0,0.0,0.0,0.0,0.0,0.0,0.0,0.0,0.0,0.0,0.0,0.0,0.0,0.0,0.0,0.0,0.0,0.0,0.0,0.0,0.0,0.0,0.0,0.0,0.0,0.0,0.0,46.7433133,52.0489326,54.188126,44.6049749,55.6101906,58.249738,59.6262957,58.065312,62.7460193,63.566267,52.3523588,65.4644698,67.6801257,68.674809,66.3269788,69.5571365,71.0112135,60.2845576,72.7028231,73.3499446,75.9192379,73.8148626,80.6965968,82.7363139,70.0322443,86.1308762,87.8627599,85.9228161,83.5213932,89.9457448
0.0,0.0,0.0,0.0,0.0,0.0,0.0,0.0,0.0,0.0,0.0,0.0,0.0,0.0,0.0,0.0,0.0,0.0,0.0,0.0,0.0,0.0,0.0,0.0,0.0,0.0,0.0,0.0,0.0,0.0,104.66583957226595,175.96562516651707,291.3195740025078,1517.7986063343535,358.89023614669884,683.3252407700279,286.1667371939279,189.23786503197675,349.4704904678874,327.08530402011297,487.5229240079383,434.581156289481,365.44835397181913,458.69895986793625,256.07876319922303,84.65280008186564,359.4912201238037,680.3818860528645,395.9920427074629,295.9196281116698,0.0,0.0,0.0,0.0,0.0,0.0,0.0,0.0,0.0,0.0,0.0,0.0,0.0,0.0,0.0,0.0,0.0,0.0,0.0,0.0,0.0,0.0,0.0,0.0,0.0,0.0,0.0,0.0,0.0,0.0,0.0,0.0,0.0,0.0,0.0,0.0,0.0,0.0,0.0,0.0,48.0131903,52.8106546,55.350706,45.9007392,56.7819578,59.4194595,60.8317646,59.4820929,64.3586587,65.1394557,53.5556128,66.8832045,68.8722982,70.4681168,68.000888,71.5016109,72.483562,61.5679651,74.1205325,74.7156696,77.3131138,75.2830899,82.192684,84.2380307,71.4102291,87.8665521,89.8475801,88.3673901,85.448116,92.352871
0.004695732608037447,0.0,0.0,0.0,0.0,0.0,0.0,0.0,0.0,0.0,0.0,0.0,0.0,1.0142816555078473e-06,5.861420729589886e-05,0.00019033037910267048,0.0002780629512634194,0.0007490162364106819,0.0013653744571869015,0.00172670306061107,0.0,0.0,0.0,0.0,0.0,0.0,0.0,0.0,0.0,0.0,101.977064656,171.2615688911531,271.962682879485,1401.0637499161228,349.8104703249835,673.1498270369399,253.68404949072962,169.28151946293676,310.7698394909838,338.2868964502366,491.0037186638227,427.5155966365447,339.99419423702517,482.31547451963627,284.3876979971795,81.28537951748466,327.06403976312384,680.3321685293663,411.19444940266277,259.4878198314096,0.0,0.0,0.0,0.0,0.0,0.0,0.0,0.0,0.0,0.0,0.0,0.0,0.0,0.0,0.0,0.0,0.0,0.0,0.0,0.0,0.0,0.0,0.0,0.0,0.0,0.0,0.0,0.0,0.0,0.0,0.0,0.0,0.0,0.0,0.0,0.0,0.0,0.0,0.0,0.0,48.718178,53.8747343,56.1862977,46.5821151,57.4908222,60.6876539,62.0948952,60.4513184,65.4316213,66.4967693,54.673581,68.1698443,70.2175714,71.76458,69.3003912,72.5750228,73.6166255,62.6151292,75.3115048,75.7683057,78.6006916,76.3774884,83.8356166,85.7063705,72.4789619,89.1709498,91.635031,89.7683899,86.9360104,93.6961077
2.233417640047809,1.388694617261867,1.4403778993928833,1.425252859285438,1.3713837191493303,0.9936682767089694,1.1780149992018139,1.2563188344261627,1.3802009191849862,1.38542626627954,1.396922018550319,1.1960599390794813,1.4818383024258035,1.3902272536957438,1.4721031222566727,1.4191398959641144,1.5512426323963664,1.3555774945257901,1.4743209466760703,1.6062468161836245,0.0,0.0,0.0,0.0,0.0,0.0,0.0,0.0,0.0,0.0,96.20420850640636,166.44237331398256,258.09973987402645,1270.896681329879,345.9900165819661,671.39526940148,231.06366177369512,152.64854949800608,264.62385446577986,341.3328202845369,518.886615161991,408.44170547751776,327.79340756349643,487.5987923555905,301.2697561778359,72.19879687892436,336.196699061249,674.8338576098766,426.6917786047986,229.03786020901086,0.0,0.0,0.0,0.0,0.0,0.0,0.0,0.0,0.0,0.0,0.0,0.0,0.0,0.0,0.0,0.0,0.0,0.0,0.0,0.0,0.0,0.0,0.0,0.0,0.0,0.0,0.0,0.0,0.0,0.0,0.0,0.0,0.0,0.0,0.0,0.0,0.0,0.0,0.0,0.0,49.3604404,54.4999929,56.8791048,47.2573585,57.9357707,61.8008439,63.2452682,60.8205686,66.2132423,67.333203,55.3828162,68.7047353,70.8920072,72.6995891,69.8194261,73.5740294,74.6330208,63.348483,76.1064151,76.5377122,79.3002602,76.6329495,84.6487087,86.6834785,73.1071163,90.3960575,93.530062,91.2580674,87.3513491,94.9113814
22.295743621997392,18.245898105945063,17.045232916590752,17.086855890428396,15.99430243556868,15.668771405973999,15.879119531756556,16.446484771709432,17.1731921052958,17.560491804950424,16.979409311852415,14.78327244046251,16.241644283381145,16.196434834896035,17.40678235417959,17.236896521713756,16.224431064770513,15.855451407800752,15.882709260071593,14.884171908832034,0.0,0.0,0.0,0.0,0.0,0.0,0.0,0.0,0.0,0.0,70.55602924041297,156.918756260207,318.64866886500147,1160.7062023199605,326.6382986027309,678.7642644416504,208.1468768196188,141.04407197481436,235.67867431338848,317.79288198730575,502.89704560687863,356.6833687979852,355.0277708187487,526.1094087148443,312.8684744383537,66.019464838082,345.0566991960314,644.9901824254845,455.08233177639346,217.93831874370193,0.0,0.0,0.0,0.0,0.0,0.0,0.0,0.0,0.0,0.0,0.0,0.0,0.0,0.0,0.0,0.0,0.0,0.0,0.0,0.0,0.0,0.0,0.0,0.0,0.0,0.0,0.0,0.0,0.0,0.0,0.0,0.0,0.0,0.0,0.0,0.0,0.0,0.0,0.0,0.0,49.4835387,55.2704741,57.4309333,47.9647411,58.3749678,62.309646,63.8713521,60.4169651,66.7612309,68.0585803,56.1088687,68.8388154,71.6351016,73.258517,69.2254846,73.9852185,75.1150568,63.9405651,76.6030475,77.141669,80.2823949,76.7271004,85.6004591,87.1421653,74.0000044,90.9528114,94.4189013,92.3822877,87.0178251,96.0349627
53.49059157731173,49.70130150618289,46.11508991757774,46.89562330013529,43.680261039655086,44.14280425038079,45.47876768415663,44.5329188956888,46.87190035611615,47.61232422082985,47.083234397056,41.14873541061341,43.47881395400842,43.72082757808764,46.71702111501274,46.829732460140576,42.274146264951526,42.70479573496569,41.123039382178916,39.192418445786544,0.0,0.0,0.0,0.0,0.0,0.0,0.0,0.0,0.0,0.0,60.492265135255174,144.32480587771826,302.36274056230474,1065.084922268216,326.0766329408985,676.2666157576602,173.79072871766564,143.26118644708936,179.23970501933943,286.80092539970207,484.32437813930716,283.6659118696552,337.4553386238922,502.1700373363439,299.82246457903915,67.78264118233551,372.02707362961286,686.4667361211721,442.56054021830056,212.77768970376937,0.0,0.0,0.0,0.0,0.0,0.0,0.0,0.0,0.0,0.0,0.0,0.0,0.0,0.0,0.0,0.0,0.0,0.0,0.0,0.0,0.0,0.0,0.0,0.0,0.0,0.0,0.0,0.0,0.0,0.0,0.0,0.0,0.0,0.0,0.0,0.0,0.0,0.0,0.0,0.0,50.2063323,56.2083824,58.7135034,48.6933664,59.0209293,62.7562511,64.4676039,60.3056328,67.4534179,69.0704211,56.687693,69.6810729,72.4072007,74.2308951,69.3162701,75.0560099,76.1730421,64.5176007,77.5323844,77.6924178,81.1289034,76.3474556,86.4095578,87.8750685,74.5063969,91.7635928,95.670117,94.1212659,86.8133218,96.8160178
81.32452851153893,80.69814988336238,74.23288644926949,76.60735928650709,68.68443789604018,72.26792156704433,72.4138662426485,73.58579927923219,75.86338819014998,76.94380647966035,77.19959156075384,69.12389873329883,72.37889116673465,70.58421448023802,75.0129758882321,74.69440235636523,68.94785716793565,68.52156855539086,67.49701673350114,62.31796963393011,0.0,0.0,0.0,0.0,0.0,0.0,0.0,0.0,0.0,0.0,53.77960683928117,124.56821160690241,307.254923529615,1252.9700864516717,384.0091259749121,786.4580898610709,178.91754374582814,141.2401871429837,171.52022979610786,277.891873385472,416.25803931535154,249.52847361557096,286.08980083185344,689.1621574748515,345.9526336349648,64.69272084748349,359.5610247081998,732.5715392770663,502.3971199265795,224.5213898054863,0.0,0.0,0.0,0.0,0.0,0.0,0.0,0.0,0.0,0.0,0.0,0.0,0.0,0.0,0.0,0.0,0.0,0.0,0.0,0.0,0.0,0.0,0.0,0.0,0.0,0.0,0.0,0.0,0.0,0.0,0.0,0.0,0.0,0.0,0.0,0.0,0.0,0.0,0.0,0.0,50.360379,56.5494312,58.8264323,48.9868229,59.0139616,63.0926908,64.8258257,60.5799233,67.8119593,69.2671089,57.0298589,70.1683384,72.3814383,74.4995803,69.486687,75.436967,76.5004102,64.7127654,77.8546272,77.936384,81.2388424,77.0342151,87.2251332,88.5814656,75.0154948,92.1866492,95.9528457,94.2017014,87.0791133,97.905633
99.25989440503622,102.66262237640619,94.87419404198921,98.27479698091169,89.11941596733448,93.58417510035493,94.54624099890583,94.99811442092627,96.55895644029884,97.9557562042548,98.6481489429931,88.00456767073344,90.49811216018672,91.43513198789644,95.16773889898462,96.47302834354794,88.11211984241275,87.39889126241921,85.8498636150085,80.13484804530371,0.0,0.0,0.0,0.0,0.0,0.0,0.0,0.0,0.0,0.0,54.32914821206198,169.48643137445657,387.92572972222797,1381.2570750224854,424.8079789968232,1023.9656220686563,239.95634284488764,149.90386903533985,214.68684003999843,312.13481944946943,378.7543757723405,364.159715797907,367.8511627679305,973.6595345385241,436.73841794088924,84.48753408889571,526.9135140778774,782.4847757442561,716.1679952148021,250.49166917194077,0.0,0.0,0.0,0.0,0.0,0.0,0.0,0.0,0.0,0.0,0.0,0.0,0.0,0.0,0.0,0.0,0.0,0.0,0.0,0.0,0.0,0.0,0.0,0.0,0.0,0.0,0.0,0.0,0.0,0.0,0.0,0.0,0.0,0.0,0.0,0.0,0.0,0.0,0.0,0.0,49.7750202,56.0898771,58.2647173,49.1826769,57.827927,62.5282606,64.1643547,60.3788285,66.9511991,68.6655913,57.1351166,68.8774339,71.6982533,73.4936723,69.0938469,74.5758464,75.6888109,64.9749713,76.6915648,76.8266377,80.339067,76.1860076,85.98211,87.8091694,75.3780327,91.0959569,95.0675732,93.7788274,86.7047223,95.9889291
111.34656670483767,116.02197276706927,107.87459426515217,112.39197338651721,99.88005411429678,105.68844979430078,109.04899848122054,107.64216930137233,109.2198356005753,111.35818321034618,112.29362098279182,101.58221252424774,104.10843391848445,101.25783233758322,106.56536216874066,107.13135893226796,101.73626066638514,99.55149551121578,98.28471234852096,91.79453101153437,0.0,0.0,0.0,0.0,0.0,0.0,0.0,0.0,0.0,0.0,79.17427397533808,263.98122897700017,456.35123258558764,1454.814765342452,453.6383269577692,1307.1353241842642,309.6464837462482,174.2982575799271,236.64232804749813,380.29177182147833,337.33344423788225,494.01893140493866,473.72638611183504,1230.238185229417,520.4299242691739,125.1788314926292,678.2418783979379,817.3486972960436,915.1018314682065,296.7649138981253,0.0,0.0,0.0,0.0,0.0,0.0,0.0,0.0,0.0,0.0,0.0,0.0,0.0,0.0,0.0,0.0,0.0,0.0,0.0,0.0,0.0,0.0,0.0,0.0,0.0,0.0,0.0,0.0,0.0,0.0,0.0,0.0,0.0,0.0,0.0,0.0,0.0,0.0,0.0,0.0,48.3597731,54.5428012,56.129043,49.1155755,56.0474495,60.6298012,62.4932708,59.6278011,64.3810422,66.629747,57.0480995,66.903763,69.6782595,71.7235182,68.0606509,72.3118879,73.8156414,64.892156,75.1429421,74.9331328,78.5541332,75.4065151,84.4786883,85.7418389,75.0533812,88.8487816,93.050435,91.2556138,85.3318681,93.9341911
117.35981362470956,120.14846032321086,114.72855405216275,115.24444294584173,105.27046174284474,109.6136256067036,112.41219585702038,113.32027864466855,115.85198886529415,116.87628301566657,117.4475787439406,107.39851112482725,111.55288196101792,106.88093380664606,109.18636701748981,111.58543305426447,106.8384585731865,105.16277469874743,103.51231098067818,96.8449719881118,0.0,0.0,0.0,0.0,0.0,0.0,0.0,0.0,0.0,0.0,123.21615492270693,373.2174467545598,567.3930773781937,1520.717722322866,492.6192875353023,1536.588433445864,386.4084096076427,215.43629504184887,272.9213346023962,444.2852341540967,322.00206621549256,567.8272393198474,576.1311721107635,1457.7519285574851,594.5749792334426,153.55879608912937,799.5626443311365,836.4159769115828,1060.8853320319195,306.62443835348853,0.0,0.0,0.0,0.0,0.0,0.0,0.0,0.0,0.0,0.0,0.0,0.0,0.0,0.0,0.0,0.0,0.0,0.0,0.0,0.0,0.0,0.0,0.0,0.0,0.0,0.0,0.0,0.0,0.0,0.0,0.0,0.0,0.0,0.0,0.0,0.0,0.0,0.0,0.0,0.0,48.0005588,53.1910524,54.590093,49.8529418,54.2807737,58.7042046,60.324907,59.1056762,62.4078467,64.6533949,57.4710872,64.4182874,67.5229624,69.8192485,67.6311861,70.1625375,72.4838467,65.1745512,73.9142754,73.7725887,76.9889438,75.220975,82.7535122,84.1664117,75.322235,86.8112234,91.0913848,89.2311672,84.9828714,91.705671
113.08927499397426,113.28657055372574,110.29238668710715,107.8833780171918,101.13235653142715,106.07863019871087,107.26391668813513,110.47016015448409,109.34995123527914,113.88635230637627,112.69046411127384,105.68428769868797,106.29806255330179,101.53777912068078,105.97078247271159,108.83847771609962,106.74414092099725,104.2055495440391,100.63303906302626,92.56006513321613,0.0,0.0,0.0,0.0,0.0,0.0,0.0,0.0,0.0,0.0,188.84950208690069,471.25452821070826,674.4661697626548,1564.7203345262608,525.9732031807473,1711.5507136927615,472.01795731819334,291.4407243828485,353.2475664025578,505.027841489043,319.80286334181466,635.0163431776507,703.4896743140437,1671.9234574104619,661.6594392744362,199.7935914727203,897.4861543958617,859.4683449030925,1155.1273640270915,318.2563286483184,0.0,0.0,0.0,0.0,0.0,0.0,0.0,0.0,0.0,0.0,0.0,0.0,0.0,0.0,0.0,0.0,0.0,0.0,0.0,0.0,0.0,0.0,0.0,0.0,0.0,0.0,0.0,0.0,0.0,0.0,0.0,0.0,0.0,0.0,0.0,0.0,0.0,0.0,0.0,0.0,49.6382711,55.4869686,56.9751642,53.491248,56.2050353,60.9045287,62.4992251,61.4272808,64.6282155,66.64061,60.5657821,66.2376758,69.5986446,71.7772521,70.2382041,72.4046586,73.6141063,68.2833044,74.6797982,75.5856469,78.175119,77.6924115,83.0482262,84.7916647,78.5624858,86.8740969,90.6161291,89.6937185,87.338055,92.7335226
101.95472856221673,102.84987845984169,98.21924407360382,96.222558292535,89.68028290659203,93.07479768729024,99.28545639531274,99.29713964051781,99.04477019656707,102.32331186213118,104.39059696862516,94.35272789290988,95.12897090040462,90.11140780141348,97.06241425783568,96.47027938219321,94.38250573824737,90.78091006920403,92.70968954921503,80.7098598297165,0.0,0.0,0.0,0.0,0.0,0.0,0.0,0.0,0.0,0.0,249.09176294624544,567.0015095685734,746.336836975892,1599.1901612026174,566.8848477277784,1820.7778040469614,547.2295009583704,372.70199806174486,449.14557795940357,561.6750290318151,351.85729472669834,688.014930482488,847.237338448367,1830.429526922953,726.2569871300017,248.33964438774922,957.0264276090312,882.7234646211481,1204.9540242547516,355.00988759196923,0.0,0.0,0.0,0.0,0.0,0.0,0.0,0.0,0.0,0.0,0.0,0.0,0.0,0.0,0.0,0.0,0.0,0.0,0.0,0.0,0.0,0.0,0.0,0.0,0.0,0.0,0.0,0.0,0.0,0.0,0.0,0.0,0.0,0.0,0.0,0.0,0.0,0.0,0.0,0.0,50.309024,56.3626919,57.7034517,54.8766922,56.5366332,61.780606,63.6087658,61.9925303,65.895293,68.048375,62.6660962,67.1636855,70.6720042,73.2462476,71.1543872,74.3821415,75.4851793,70.7453367,76.0452373,77.4218377,79.9373671,78.7922874,84.7332155,86.8249311,81.5515281,88.2116315,92.3137928,91.8640794,89.0842125,94.7743696
84.59799355095225,84.9180522949613,81.66496161244946,79.19513671661132,68.63328455326614,76.38697094589998,82.1016967162956,81.08853757291314,82.50774534307698,85.94280855341844,84.13767229715232,77.66958590189577,76.31486359735294,75.74611282921619,80.03720242294858,79.50387055058539,78.61704619388183,77.0287774504787,75.66953829235375,64.93345024717404,0.0,0.0,0.0,0.0,0.0,0.0,0.0,0.0,0.0,0.0,275.6025475436481,587.5774520448496,618.9483491742612,1512.3843297506967,492.78248784844465,1771.633983456283,570.4114664971564,429.2302846683862,514.1151823603241,564.572219399962,358.7645433675037,545.4531399334105,864.5443170694551,1768.7825927799847,733.0730379918194,227.48567392084965,751.3506983992972,767.1925589154102,1082.3163291514354,327.44218270439336,0.0,0.0,0.0,0.0,0.0,0.0,0.0,0.0,0.0,0.0,0.0,0.0,0.0,0.0,0.0,0.0,0.0,0.0,0.0,0.0,0.0,0.0,0.0,0.0,0.0,0.0,0.0,0.0,0.0,0.0,0.0,0.0,0.0,0.0,0.0,0.0,0.0,0.0,0.0,0.0,49.6396387,55.8431428,56.8940952,54.0886866,56.0004338,61.4019114,63.1026885,60.8468343,65.6947065,67.9479639,61.9803934,66.9154017,70.8721358,72.9709048,70.1339652,74.5398696,75.5781065,70.9868992,75.8059789,76.6950997,79.7879584,77.1609311,84.6439286,86.7249311,81.7619879,87.9691595,92.4239444,91.7310347,87.8489797,94.7498599
60.62817105253909,58.96205852918131,55.03613834851858,54.20065294167308,46.5878657812162,54.01277873660506,58.51787506253045,57.908768991088664,59.288708921247775,61.42474272343764,61.78286073075822,54.45208392901594,54.53887658955235,52.316830462716304,56.654592874879064,58.77642234716169,56.92962485169872,55.86467669563551,56.472096032656836,47.361320803048145,0.0,0.0,0.0,0.0,0.0,0.0,0.0,0.0,0.0,0.0,310.8411036113407,610.9379098259061,619.4596645487168,1488.7560737437864,541.4920658268511,1756.8305799916477,584.7826532358986,467.9058943721379,587.8433028605513,590.5203546165238,407.8974850612758,571.2929061627354,975.243561007052,1797.3783028251419,796.4202962072403,255.37166392492549,719.8021450988113,810.5705559866276,1057.5821347005863,386.9426561685169,0.0,0.0,0.0,0.0,0.0,0.0,0.0,0.0,0.0,0.0,0.0,0.0,0.0,0.0,0.0,0.0,0.0,0.0,0.0,0.0,0.0,0.0,0.0,0.0,0.0,0.0,0.0,0.0,0.0,0.0,0.0,0.0,0.0,0.0,0.0,0.0,0.0,0.0,0.0,0.0,47.8850537,54.1056424,54.9717203,51.5349078,54.9237874,59.9868471,61.625802,58.8957108,64.4699174,66.4256388,60.2706791,65.7987395,69.4444031,71.4130817,67.9922642,73.263011,74.0588434,68.5873364,74.3534129,74.4916517,77.8263387,74.5953845,82.8574718,84.3502623,79.3355348,86.5888096,90.6960866,89.8983886,84.7357187,92.8157681
29.732076533998512,15.74094042174923,19.202706900053556,16.981397761485788,16.480060612099283,12.873852000195354,20.113347550599496,20.560999377799558,20.292358590904943,17.03905366832249,15.887164543804362,17.076176249183604,16.35858478452304,16.48904853247944,17.427899907351502,12.704647478059067,7.064286354965243,9.66176157014901,12.839223724477824,12.370180186534476,0.0,0.0,0.0,0.0,0.0,0.0,0.0,0.0,0.0,,633.4346042031968,524.2541997468878,475.66910964444924,323.4641067136125,225.90328130344903,399.1907128579521,827.3543288467918,816.7391484534916,750.0450911089156,404.74542579301243,759.3829428461167,426.8537813799499,593.6724013036498,444.24743282134546,923.0238602332704,634.3164228244659,589.6360903901758,566.3129787755264,1381.6686856637732,600.4577177308108,0.0,0.0,0.0,0.0,0.0,0.0,0.0,0.0,0.0,,0.0,0.0,0.0,0.0,0.0,0.0,0.0,0.0,0.0,0.0,0.0,0.0,0.0,0.0,0.0,0.0,0.0,0.0,0.0,0.0,0.0,0.0,0.0,0.0,0.0,0.0,0.0,0.0,0.0,,49.2162661,34.5291506,30.1351466,35.9052227,37.6390157,41.0564459,42.5823132,39.7785926,44.1017364,45.2572608,47.0101841,44.4722339,48.901588,49.045034,45.9964652,52.4110671,54.0035559,54.607374,52.3146674,57.4576298,56.1448431,49.2672598,59.1606152,60.9241261,62.5152955,60.8470126,67.7439234,68.4127023,59.6049683,
8.017262654164908,0.47057968436708186,0.5328862504426961,0.29099984309138416,0.4931595863162622,0.586313254319985,0.6115362662586182,0.4507648861344094,0.3636744006612655,0.3167339419120845,0.24695566444532954,0.03446132896236948,0.1467405082359927,0.0030949887995596007,0.20531311471405725,0.11952698584273802,0.10593938267275448,0.13323158590337608,0.14970099847724128,0.23992107351425665,0.0,0.0,0.0,0.0,0.0,0.0,0.0,0.0,0.0,,697.2190335894387,542.5568654083673,520.570794445286,412.0259939173838,213.16919787966154,485.43791890515644,909.5621791660293,975.6159289094629,714.622294199014,382.1860342919368,837.6960228950845,443.2395377946683,685.905143093958,501.9491389031019,1027.2008973077782,660.7768125001242,565.6283418982165,549.4070008017925,1235.0408316595867,633.2621076598115,0.0,0.0,0.0,0.0,0.0,0.0,0.0,0.0,0.0,,0.0,0.0,0.0,0.0,0.0,0.0,0.0,0.0,0.0,0.0,0.0,0.0,0.0,0.0,0.0,0.0,0.0,0.0,0.0,0.0,0.0,0.0,0.0,0.0,0.0,0.0,0.0,0.0,0.0,,47.1449688,32.8469515,28.8906523,34.1014376,36.0991345,39.5289939,41.2716018,38.2445599,42.3709237,43.5499097,45.0859017,42.6485655,47.3413333,47.7176161,44.3853217,50.2204749,52.1146343,53.0492144,50.2874127,55.7312808,54.5417545,47.3493894,56.7078215,58.8123638,60.4453866,58.2371106,65.7015316,65.9795351,57.566409,
0.27827150490708136,0.0,0.0,0.0,0.0,0.0,0.0,0.0,0.0,0.0,0.0,0.0,0.0,0.0,0.0,0.0,0.0,0.0,0.0,0.0,0.0,0.0,0.0,0.0,0.0,0.0,0.0,0.0,0.0,,728.071633273299,518.1369780480824,508.34443833305295,422.15162119066713,198.23058646321687,524.6237409402069,948.0044558877701,1078.2756505703114,687.1024713963526,379.87527681207007,915.2538319659246,417.23073595939695,766.459910534252,540.7728559497649,1094.3079118943645,608.2772930075505,554.2285114606672,530.2797597993435,1150.2813497028146,633.9386280001096,0.0,0.0,0.0,0.0,0.0,0.0,0.0,0.0,0.0,,0.0,0.0,0.0,0.0,0.0,0.0,0.0,0.0,0.0,0.0,0.0,0.0,0.0,0.0,0.0,0.0,0.0,0.0,0.0,0.0,0.0,0.0,0.0,0.0,0.0,0.0,0.0,0.0,0.0,,45.8901944,31.9736339,28.2704673,33.0261832,35.017059,38.4316013,39.9577075,37.6056604,41.5387116,42.309388,44.0737295,41.2613024,46.1122185,46.4596355,43.0930204,49.1816422,50.600583,51.5244102,48.9127128,54.3690113,53.1972175,46.1802036,55.5882604,57.3463006,58.7976543,56.8459262,63.7832443,64.4777927,56.9246034,
0.0,0.0,0.0,0.0,0.0,0.0,0.0,0.0,0.0,0.0,0.0,0.0,0.0,0.0,0.0,0.0,0.0,0.0,0.0,0.0,0.0,0.0,0.0,0.0,0.0,0.0,0.0,0.0,0.0,,678.3081156503968,485.78289670907475,456.40660862640476,389.27307242724595,184.45455805181655,479.15229520408036,893.7405832528718,1098.9296131515755,641.3026524071041,368.54043037721806,917.0933328284208,377.5887270901235,755.5106575930718,502.11852045511006,1066.9820529573549,506.83465899922004,520.0083254014904,474.77799924176895,1075.3059424253613,576.8197360482682,0.0,0.0,0.0,0.0,0.0,0.0,0.0,0.0,0.0,,0.0,0.0,0.0,0.0,0.0,0.0,0.0,0.0,0.0,0.0,0.0,0.0,0.0,0.0,0.0,0.0,0.0,0.0,0.0,0.0,0.0,0.0,0.0,0.0,0.0,0.0,0.0,0.0,0.0,,44.7551498,31.4377872,27.8124502,32.3113365,34.3298865,38.1679485,39.7205008,36.8693973,40.7082635,41.5721651,43.5936412,40.3163845,45.4193883,45.8424815,42.7442612,48.4471558,49.9807269,50.8442446,47.9242749,53.75082,52.7609584,45.4982034,54.3179711,56.3795821,58.4049109,55.7937535,63.1734543,63.6360141,56.0608894,
0.0,0.0,0.0,0.0,0.0,0.0,0.0,0.0,0.0,0.0,0.0,0.0,0.0,0.0,0.0,0.0,0.0,0.0,0.0,0.0,0.0,0.0,0.0,0.0,0.0,0.0,0.0,0.0,0.0,,604.5343943804985,438.47803877832786,421.6363318500752,357.39729419261295,179.69564845248195,428.0165183815543,792.5433218802901,1019.599665816259,626.6050320723854,361.8013894522055,894.283365584699,344.98387800986615,700.0093849056666,454.48622331914686,980.369598607331,411.8945714798029,477.7056724549233,434.75714891649704,994.0552211910858,472.6563304860715,0.0,0.0,0.0,0.0,0.0,0.0,0.0,0.0,0.0,,0.0,0.0,0.0,0.0,0.0,0.0,0.0,0.0,0.0,0.0,0.0,0.0,0.0,0.0,0.0,0.0,0.0,0.0,0.0,0.0,0.0,0.0,0.0,0.0,0.0,0.0,0.0,0.0,0.0,,44.2796446,31.304264,28.0906564,32.1535825,34.0652776,38.1175566,39.8701039,37.4772835,40.5402192,41.6197335,43.6087949,39.6479047,45.4397184,46.0941526,43.1046161,48.4303198,50.2564118,50.6286909,47.5219834,53.9136838,52.99183,45.5017303,54.4540949,56.9044791,58.2977837,55.3131857,62.9883277,63.5956023,56.8938488,
0.0,0.0,0.0,0.0,0.0,0.0,0.0,0.0,0.0,0.0,0.0,0.0,0.0,0.0,0.0,0.0,0.0,0.0,0.0,0.0,0.0,0.0,0.0,0.0,0.0,0.0,0.0,0.0,0.0,,560.5408689606152,399.33228593272884,381.7842605831272,339.71457205368955,171.13624009027058,365.02227613914135,697.9546310916644,927.751818962423,654.103408325899,344.0053831594006,873.4211723660942,308.77207816521354,626.0919170496834,412.9768395508358,871.941927071614,338.2439942812396,435.6427196608233,400.75545838601255,881.9670788583254,367.8613127449425,0.0,0.0,0.0,0.0,0.0,0.0,0.0,0.0,0.0,,0.0,0.0,0.0,0.0,0.0,0.0,0.0,0.0,0.0,0.0,0.0,0.0,0.0,0.0,0.0,0.0,0.0,0.0,0.0,0.0,0.0,0.0,0.0,0.0,0.0,0.0,0.0,0.0,0.0,,43.7293472,32.0982727,28.8724511,32.3936255,34.0692448,39.075609,40.8889753,38.5656574,41.1191309,42.3138532,44.9817531,39.8589888,46.8073272,47.3597568,44.9837679,48.4735465,51.4866235,52.3441092,47.7877944,55.3729435,54.8229286,45.5733552,54.3807016,58.6633315,60.2860815,55.3335084,64.2278355,65.3578622,58.7394556,
0.0,0.0,0.0,0.0,0.0,0.0,0.0,0.0,0.0,0.0,0.0,0.0,0.0,0.0,0.0,0.0,0.0,0.0,0.0,0.0,0.0,0.0,0.0,0.0,0.0,0.0,0.0,0.0,0.0,,514.7053453652425,373.53857397216865,345.5557304459224,331.4255946798257,167.66219480818867,314.7261248372964,610.6993407014024,861.0644092593371,675.9371289274751,332.19197498228385,845.8051771132564,264.18856979510014,561.5688957725212,386.253564087507,759.1468989018267,279.7266803952695,398.24768694492576,373.1601792737038,800.71631923955,305.94758216155634,0.0,0.0,0.0,0.0,0.0,0.0,0.0,0.0,0.0,,0.0,0.0,0.0,0.0,0.0,0.0,0.0,0.0,0.0,0.0,0.0,0.0,0.0,0.0,0.0,0.0,0.0,0.0,0.0,0.0,0.0,0.0,0.0,0.0,0.0,0.0,0.0,0.0,0.0,,43.8606954,32.6723901,30.7031878,33.1758038,34.3998825,40.3468309,43.3455271,41.7692638,41.5871184,43.5343854,47.4530788,40.1675433,49.0124292,50.1950268,48.7733063,49.2782813,53.8329654,55.0823869,47.4377018,57.8525,57.3495571,46.8409347,55.6349915,61.9668642,63.0692195,54.829947,66.5255322,67.4552832,62.9030203,
0.0,0.0,0.0,0.0,0.0,0.0,0.0,0.0,0.0,0.0,0.0,0.0,0.0,0.0,0.0,0.0,0.0,0.0,0.0,0.0,0.0,0.0,0.0,0.0,0.0,0.0,0.0,0.0,0.0,,480.6875993830957,347.9387982864556,310.8326511247217,322.91304687251363,158.14282360889695,265.36854556875016,548.3401593704258,822.952973518559,695.0751215712163,311.27870389333935,809.4804026368369,224.1742898439921,499.05336204570796,360.3191018583171,679.6941163151425,243.38396782368608,367.6786865795432,339.48162385758343,703.5735609906443,266.3355467787801,0.0,0.0,0.0,0.0,0.0,0.0,0.0,0.0,0.0,,0.0,0.0,0.0,0.0,0.0,0.0,0.0,0.0,0.0,0.0,0.0,0.0,0.0,0.0,0.0,0.0,0.0,0.0,0.0,0.0,0.0,0.0,0.0,0.0,0.0,0.0,0.0,0.0,0.0,,44.3043538,33.2006837,32.3082922,33.6549667,34.4929526,41.870473,44.7578005,44.1606401,42.2390257,44.348619,49.3653869,39.6034729,50.5608998,51.9953263,51.5053128,50.5301924,55.6113454,56.7805835,46.9147727,59.3151364,59.6633315,47.2601322,57.2724204,63.9425048,65.604981,54.4869374,68.4011389,69.5371458,66.5796895,
0.0,0.0,0.0,0.0,0.0,0.0,0.0,0.0,0.0,0.0,0.0,0.0,0.0,0.0,0.0,0.0,0.0,0.0,0.0,0.0,0.0,0.0,0.0,0.0,0.0,0.0,0.0,0.0,0.0,,462.0257727168614,319.8120750817864,287.2067929522759,312.1867164157431,147.08088871963218,220.61741583770177,486.20032102784546,775.5665925699747,677.4366341784807,297.68286671125696,781.329068218302,189.83383697517635,444.1549184891466,326.3602780250988,607.718424729717,223.72979046253496,350.46162191093043,310.5941161618799,631.7594483464482,238.76639772917736,0.0,0.0,0.0,0.0,0.0,0.0,0.0,0.0,0.0,,0.0,0.0,0.0,0.0,0.0,0.0,0.0,0.0,0.0,0.0,0.0,0.0,0.0,0.0,0.0,0.0,0.0,0.0,0.0,0.0,0.0,0.0,0.0,0.0,0.0,0.0,0.0,0.0,0.0,,45.3759695,34.4885456,34.4203667,34.6478423,35.2774321,43.811068,46.2594154,46.0729008,44.3085049,45.7173381,51.2228173,40.7393434,52.5426754,53.5026828,53.1445686,52.5648761,57.5490834,59.0129072,48.3681615,61.6604024,61.3505715,49.5825906,59.7419601,66.3033358,68.5666918,56.4123242,71.1780719,72.713414,70.6515243,
0.0,0.0,0.0,0.0,0.0,0.0,0.0,0.0,0.0,0.0,0.0,0.0,0.0,0.0,0.0,0.0,0.0,0.0,0.0,0.0,0.0,0.0,0.0,0.0,0.0,0.0,0.0,0.0,0.0,,449.2071178549654,294.156024767992,269.5894130038273,303.8855144108623,119.44009397888335,185.19120572237495,432.3563284628248,733.0206300635864,647.8950238131455,231.7116114107847,759.1626028543798,168.64157523949615,401.92026537515244,298.4767108434912,553.26323852808,215.52201773090403,340.9133787068583,276.2273314605758,586.3578684210121,218.43733189959383,0.0,0.0,0.0,0.0,0.0,0.0,0.0,0.0,0.0,,0.0,0.0,0.0,0.0,0.0,0.0,0.0,0.0,0.0,0.0,0.0,0.0,0.0,0.0,0.0,0.0,0.0,0.0,0.0,0.0,0.0,0.0,0.0,0.0,0.0,0.0,0.0,0.0,0.0,,46.9841955,35.9253546,36.2253248,36.2151454,36.5143955,45.6012844,47.4907535,48.0902543,46.0699667,46.8208068,52.3721568,42.1693157,54.0837179,55.3563646,55.1862341,54.3723635,58.9664739,61.3904549,49.5868723,63.1681211,62.8897948,52.0658296,62.2122062,68.3182852,70.9317418,58.6556594,73.3352475,75.2643276,73.2041147,
0.0,0.0,0.0,0.0,0.0,0.0,0.0,0.0,0.0,0.0,0.0,0.0,0.0,0.0,0.0,0.0,0.0,0.0,0.0,0.0,0.0,0.0,0.0,0.0,0.0,0.0,0.0,0.0,0.0,,424.02873154337374,259.1087236291923,266.1725036973379,275.0623332183531,110.5140530980884,150.55517429815848,333.75155793456383,586.4896469818383,621.9201739063351,237.86097754976288,670.5021005528795,155.51317518650916,357.67753896434965,259.463610443588,441.6651417021729,203.90843255260438,354.05550719594964,243.62555722796168,520.7945420382006,184.8470923276202,0.0,0.0,0.0,0.0,0.0,0.0,0.0,0.0,0.0,,0.0,0.0,0.0,0.0,0.0,0.0,0.0,0.0,0.0,0.0,0.0,0.0,0.0,0.0,0.0,0.0,0.0,0.0,0.0,0.0,0.0,0.0,0.0,0.0,0.0,0.0,0.0,0.0,0.0,,48.312328,36.9384116,37.5105156,36.9112975,37.1812301,46.3824983,47.6188799,49.2877993,46.9652626,47.5732691,53.0262911,42.997741,55.0073171,56.2877714,56.1679732,55.9924076,59.9433518,62.173041,50.6454797,64.8800279,63.9134706,53.6554819,63.2790483,68.7408884,72.1900408,59.6386472,74.6623979,77.18819,75.6873692,
0.0,0.0,0.0,0.0,0.0,0.0,0.0,0.0,0.0,0.0,0.0,0.0,0.0,0.0,0.0,0.0,0.0,0.0,0.0,0.0,0.0,0.0,0.0,0.0,0.0,0.0,0.0,0.0,0.0,,405.88256902953145,241.11720461982557,252.43513706073338,277.1809328917177,106.75651063727234,134.17775106360466,315.2527581099367,597.4556489910916,578.3780449138703,245.25688939633528,703.2268487969425,154.9487500972444,334.81506245165554,236.02205153766243,414.65863113655615,193.1873422766452,347.16496750197695,255.26491312361568,475.6818678493408,183.63414495938656,0.0,0.0,0.0,0.0,0.0,0.0,0.0,0.0,0.0,,0.0,0.0,0.0,0.0,0.0,0.0,0.0,0.0,0.0,0.0,0.0,0.0,0.0,0.0,0.0,0.0,0.0,0.0,0.0,0.0,0.0,0.0,0.0,0.0,0.0,0.0,0.0,0.0,0.0,,49.4102546,37.5457606,38.2854406,37.2480665,37.0944123,46.6735114,48.1557655,49.9897168,47.780834,47.7581313,53.812246,43.571066,55.8579466,57.0626547,56.8778488,56.5268701,60.7379035,63.3356799,51.2674761,65.4706037,65.211676,54.7370248,63.6981933,69.6886254,72.8871089,60.595389,75.5596059,78.0460614,76.8822831,
0.0,0.0,0.0,0.0,0.0,0.0,0.0,0.0,0.0,0.0,0.0,0.0,0.0,0.0,0.0,0.0,0.0,0.0,0.0,0.0,0.0,0.0,0.0,0.0,0.0,0.0,0.0,0.0,0.0,,407.14241240035653,227.045774953231,249.58603879963732,269.29294167527013,103.03904150522432,120.18180937685109,294.3353572154308,605.7986832800078,536.1060895959126,278.6827283391063,730.3494465083495,152.05428782085784,314.4603393753345,207.40533143917077,385.0846310716722,194.58884991152874,337.8943688175293,250.6576695809805,450.72011568888394,177.4048312217267,0.0,0.0,0.0,0.0,0.0,0.0,0.0,0.0,0.0,,0.0,0.0,0.0,0.0,0.0,0.0,0.0,0.0,0.0,0.0,0.0,0.0,0.0,0.0,0.0,0.0,0.0,0.0,0.0,0.0,0.0,0.0,0.0,0.0,0.0,0.0,0.0,0.0,0.0,,50.1445479,37.8433201,38.8724362,37.0246909,37.0360855,47.1520073,48.1852832,50.4748885,47.7696134,47.813149,53.9961657,43.8349587,56.2936488,57.3443606,57.3336763,57.1679355,61.4845397,63.5953686,51.8761838,65.9675586,65.6463336,55.0414543,64.2970582,69.9040532,73.3930723,61.1717037,76.1115198,79.1521326,77.9677865,
1.3641758921374778,0.00018782930432149789,0.0029881934778420113,0.018378243658293467,0.028919915523946123,0.06586446444728893,0.00635130156432702,0.12651738839373994,0.2188344557276188,0.22094964680704463,0.29162808823384057,0.402081277904393,0.5277771447519295,0.6612160984325215,0.6195664510661706,0.6803825382297932,0.38179035128936906,0.812105357440632,0.6856996859145651,0.82569437487239,0.0,0.0,0.0,0.0,0.0,0.0,0.0,0.0,0.0,,400.5093823907744,216.31799330205516,246.84803379501912,266.45826886319634,89.55208402092397,108.3003863287756,276.5057670778608,600.5397926232134,498.25267577715044,288.68334413703167,749.4252213827359,149.3679919857432,295.66854149139755,177.74701009965847,371.20906982430364,198.13530303684405,310.96022578460605,250.52780042362392,417.0674985985725,172.96052094073832,0.0,0.0,0.0,0.0,0.0,0.0,0.0,0.0,0.0,,0.0,0.0,0.0,0.0,0.0,0.0,0.0,0.0,0.0,0.0,0.0,0.0,0.0,0.0,0.0,0.0,0.0,0.0,0.0,0.0,0.0,0.0,0.0,0.0,0.0,0.0,0.0,0.0,0.0,,50.1435636,37.5412187,39.0509934,36.5822781,36.8647002,46.8515726,47.5708589,50.5329889,47.6419562,48.0833126,54.2489822,44.4470373,56.4094662,57.5423861,57.2234699,56.7545924,61.4000195,63.906008,52.1585438,66.0759525,65.9438643,55.7383923,63.4829061,69.703503,73.6178617,61.312499,76.9455266,79.6617629,78.5679052,
17.451576344911185,5.377973891120077,6.207021192429087,6.090818032001896,2.503373571059957,4.006082815587126,3.2185949711035766,7.6596101451386955,7.6785040944017355,5.748094435896813,8.750283593952059,8.751450296044872,9.328479139057146,9.98819612903578,7.428468074681569,9.482362691902333,7.533274646012211,8.435420047327534,8.13295991389559,10.552153719606643,0.0,0.0,0.0,0.0,0.0,0.0,0.0,0.0,0.0,,385.91872305440796,181.5456694766638,226.24273106107265,257.3169934824245,86.53294309469159,89.57757086105616,273.8509726579221,634.9789265664157,453.2112528770535,292.83248817850813,807.7430666536931,141.1750273544532,281.42487281752403,140.77313318532845,354.28810745191987,202.94146190910814,306.3951604679595,278.9361160225485,448.9898815771053,158.64464832224283,0.0,0.0,0.0,0.0,0.0,0.0,0.0,0.0,0.0,,0.0,0.0,0.0,0.0,0.0,0.0,0.0,0.0,0.0,0.0,0.0,0.0,0.0,0.0,0.0,0.0,0.0,0.0,0.0,0.0,0.0,0.0,0.0,0.0,0.0,0.0,0.0,0.0,0.0,,50.1038755,37.2064857,39.2327642,36.1317728,36.6307231,46.2637639,47.6086482,50.9100685,46.8436152,47.6492979,54.2927252,44.4744804,56.4765469,57.4981562,57.5177235,56.3010655,61.8447832,63.8809331,51.8902671,66.3647885,65.897111,55.9016458,62.520153,69.8011614,73.6906206,61.5903201,76.5641825,79.8203099,78.9362294,
47.95115842091951,24.611305676227598,29.99903849498457,29.9988303459646,23.68465286412598,21.874091142280665,26.929008138346635,36.120545209915946,38.47698157889809,32.287691022182045,33.47081241538342,36.82167742359091,38.34637206134953,37.85375419736841,33.581925790373234,37.08160506085858,25.760285165557878,26.567899700648585,31.36349033136666,38.21431070971254,0.0,0.0,0.0,0.0,0.0,0.0,0.0,0.0,0.0,,351.9003860228842,149.2359120356514,202.6591497375603,254.42594993667967,77.47626027913954,67.60497771635785,247.7080137120005,656.572120700373,423.93984501468947,284.40169532941906,873.1791364436914,130.4107731332692,296.3076724991296,112.74257244958713,375.1909404811605,202.02759979619063,311.04850353713005,295.03832256833056,398.6528562406828,149.0858358243313,0.0,0.0,0.0,0.0,0.0,0.0,0.0,0.0,0.0,,0.0,0.0,0.0,0.0,0.0,0.0,0.0,0.0,0.0,0.0,0.0,0.0,0.0,0.0,0.0,0.0,0.0,0.0,0.0,0.0,0.0,0.0,0.0,0.0,0.0,0.0,0.0,0.0,0.0,,49.6990236,36.9278096,39.4344836,35.8118797,36.6363362,46.0796033,47.6494671,51.1219826,46.3025546,47.801679,54.4817703,44.6368015,56.3849364,57.9530223,57.6541097,55.9606697,62.1183623,64.0990549,52.1089819,66.5048008,66.2962798,56.148163,61.92398,70.0034895,73.5732944,61.3595301,77.1321508,80.3872683,79.5272056,
76.37284347181127,53.86252450632656,59.54386458042672,58.8251526520779,51.98162399606134,49.3843816541256,59.24065608302738,69.65513360339263,73.04328191353311,64.99900217624489,61.76660489895181,68.76607748222743,70.97550472205943,68.47957516708775,64.69588643469596,68.14374115403872,48.82023336567288,49.52950963644335,60.53631025141727,67.502268468884,0.0,0.0,0.0,0.0,0.0,0.0,0.0,0.0,0.0,,296.13259960081604,120.40897791986222,200.60910218136823,242.08330125556301,77.89221566580515,58.35167936597304,236.8823794624355,616.7226829126361,385.4895206571347,301.46002339738226,912.3920340251236,160.05604430662672,340.138758383712,96.79213941791626,406.47657621802523,209.85339225268189,332.79188305335015,303.119588861051,409.0368566631606,166.2693872167278,0.0,0.0,0.0,0.0,0.0,0.0,0.0,0.0,0.0,,0.0,0.0,0.0,0.0,0.0,0.0,0.0,0.0,0.0,0.0,0.0,0.0,0.0,0.0,0.0,0.0,0.0,0.0,0.0,0.0,0.0,0.0,0.0,0.0,0.0,0.0,0.0,0.0,0.0,,49.572526,37.0179521,39.5899528,36.0947753,36.9492139,46.1760039,48.056801,51.1666154,46.3343843,48.1925194,54.7395125,45.2797254,56.5134032,58.0690685,58.1227225,55.5170592,62.0122531,64.2484938,52.6149946,66.1617748,66.8247154,57.244725,62.1019188,70.3266877,73.9186718,61.4576427,76.8330618,80.3790231,79.6285293,
98.29315849068651,79.05740968394018,82.62263527512741,80.42301324954443,75.68115412584872,73.76582632834088,82.90591986210981,93.88429443495907,97.25932327554584,90.37043464755271,84.94416545590241,91.97373090624212,94.63451698983637,91.24622312289654,87.22018207612327,89.7417954600735,68.23284430634786,67.23486052098843,82.75340810555232,88.23080375333093,0.0,0.0,0.0,0.0,0.0,0.0,0.0,0.0,0.0,,277.37881430102425,133.98351285574407,196.82103308724322,255.85443939640766,82.09060798766896,72.89622572281615,246.9390423884387,586.4233289567142,407.8949923295445,376.75508230092277,935.6193381980995,223.41985694157822,360.08950845099173,103.84458440480348,428.7551645458183,223.28620371611774,493.8240970300514,385.43665549292183,458.88584227557664,204.83678008090104,0.0,0.0,0.0,0.0,0.0,0.0,0.0,0.0,0.0,,0.0,0.0,0.0,0.0,0.0,0.0,0.0,0.0,0.0,0.0,0.0,0.0,0.0,0.0,0.0,0.0,0.0,0.0,0.0,0.0,0.0,0.0,0.0,0.0,0.0,0.0,0.0,0.0,0.0,,49.1117375,37.9550355,40.0863664,36.7988258,38.3425618,46.5057223,48.6381736,51.2175774,46.7087656,48.6177258,55.0651246,46.6018732,56.1733122,58.121698,58.3455674,56.1255851,62.2818894,64.5316043,54.5001218,66.1533056,67.064073,58.9569496,63.0237609,71.0742817,74.7014288,63.6949073,76.8990668,80.9537947,79.8337626,
108.77749348761168,96.82803237291013,97.43214656912197,93.48524892873695,90.13840877761076,89.78163285934406,99.71412998210482,109.77963342054947,112.1825845180025,105.81827574597452,100.54486814609515,106.42634425218715,109.81399262022195,105.39703520307842,102.84076171900415,104.21194359681904,81.20744747542959,78.24302139252667,97.15368651035992,100.6014112988729,0.0,0.0,0.0,0.0,0.0,0.0,0.0,0.0,0.0,,286.167199566773,141.30230910630587,215.7217013651378,274.828705334937,86.13141218440028,104.16964210287485,285.324329620675,573.3130441351115,430.65683215893773,467.83308268184817,961.2481100963782,302.6237308883152,365.02282357258775,115.04012932860549,458.4432234276476,236.47712376872937,665.3101568947109,516.8100966026034,482.26171483226204,246.28574638086792,0.0,0.0,0.0,0.0,0.0,0.0,0.0,0.0,0.0,,0.0,0.0,0.0,0.0,0.0,0.0,0.0,0.0,0.0,0.0,0.0,0.0,0.0,0.0,0.0,0.0,0.0,0.0,0.0,0.0,0.0,0.0,0.0,0.0,0.0,0.0,0.0,0.0,0.0,,48.8412437,40.8649243,41.9132412,39.2398438,41.6041299,47.7879298,50.2679091,52.9430267,49.9140138,51.0007315,57.0182675,50.6158792,57.6930261,60.0964236,60.3045478,59.6120446,64.059005,66.6104998,59.0785036,68.0713083,69.1375249,63.7794718,66.3136872,72.6093237,75.8848037,68.2044074,78.3587057,82.2124678,81.3798111,
114.13792429246203,102.52221928841024,104.8329846944698,98.36131764713087,97.94615659226884,91.25694598127725,101.4882694387048,116.09026363991704,118.48806012538432,113.20695168881508,104.6051031968159,110.8128885972785,113.67575385697441,107.43464631015544,108.99484434794387,109.16236932125724,79.23631092387555,89.94456015388698,101.01927807605826,102.44547229107701,0.0,0.0,0.0,0.0,0.0,0.0,0.0,0.0,0.0,,328.6978969997087,143.47392062297965,240.13919569623792,291.93438548657105,97.84173257214071,144.52697585615135,353.78835325888895,571.7356877287602,424.4844672815842,535.374626803871,996.3180213320001,372.05763873217325,386.8764286279864,136.45666670000065,507.8236944570374,271.4923485999637,823.3596691543491,665.974028909515,507.30140192170774,302.4414062502229,0.0,0.0,0.0,0.0,0.0,0.0,0.0,0.0,0.0,,0.0,0.0,0.0,0.0,0.0,0.0,0.0,0.0,0.0,0.0,0.0,0.0,0.0,0.0,0.0,0.0,0.0,0.0,0.0,0.0,0.0,0.0,0.0,0.0,0.0,0.0,0.0,0.0,0.0,,48.9770048,40.7196489,42.7788453,39.6510899,43.1614287,48.1290476,50.9198794,53.5260764,49.7206892,51.7851798,57.2394152,52.2773007,57.7655092,60.3071173,60.5819699,58.7027691,64.3217171,66.8249837,61.0440695,67.8387247,69.2488993,64.5598814,64.7739454,72.6452475,75.8534457,70.1342353,78.0593977,82.110207,81.7115847,
108.8928550020016,101.08662266933581,102.18228666721875,93.94673101537227,96.4708988924778,87.65712525629186,100.76613601193995,114.34850659030599,114.64090372338336,110.05216971448377,103.46359106865165,105.51022401899436,109.70204567596478,102.66460819361959,106.15809338767382,106.6830457330443,77.48589879171546,86.65288109936078,97.17023695919588,98.36924773337063,0.0,0.0,0.0,0.0,0.0,0.0,0.0,0.0,0.0,,392.00128907754754,147.9916521862052,268.50969072932196,324.67253839919795,116.12062891979863,196.6665555115342,439.9229576623046,608.1639685333188,400.19087312369834,580.6335366339897,1052.9174413269761,434.5214181479941,422.76493175644885,174.95328275863207,583.4955002043414,327.79060593164337,979.1683909182951,812.4926406269799,545.6273750576734,347.9471580241806,0.0,0.0,0.0,0.0,0.0,0.0,0.0,0.0,0.0,,0.0,0.0,0.0,0.0,0.0,0.0,0.0,0.0,0.0,0.0,0.0,0.0,0.0,0.0,0.0,0.0,0.0,0.0,0.0,0.0,0.0,0.0,0.0,0.0,0.0,0.0,0.0,0.0,0.0,,51.4865684,39.925845,42.1795765,37.703581,42.8433051,47.405205,50.2598773,53.1234669,48.339773,51.1188626,56.2758959,52.0978327,56.7357143,59.3839299,59.7888966,57.2870024,63.299706,65.6643444,60.6436294,66.6530247,67.5942524,63.6252142,62.9632425,70.9966404,74.5499417,70.2811132,76.5731731,80.78932,80.6442589,
97.5545248740596,89.64406230383972,91.96005226737597,83.9019811355385,86.07767251904477,75.92681131948272,91.505334103833,103.50291122424332,103.16113877036426,98.07413717838384,92.51424054061077,92.92651612055069,97.93303368031957,90.69994885306679,95.35380363936963,95.68387543929715,68.43785751855577,76.81303204057991,86.29933929051748,85.6259477998268,0.0,0.0,0.0,0.0,0.0,0.0,0.0,0.0,0.0,,468.38552648197384,173.1726958173536,283.799936290475,355.8752315254195,118.2227248713674,260.46793280124785,538.4901596197507,679.8445068290225,364.95887124744826,569.3963649763647,1114.5931760635876,484.97856092703347,483.80386587564817,233.34336576152361,667.1098219983047,398.4785063817194,1128.310674109675,928.6791104084848,597.2691183341462,376.2707737804858,0.0,0.0,0.0,0.0,0.0,0.0,0.0,0.0,0.0,,0.0,0.0,0.0,0.0,0.0,0.0,0.0,0.0,0.0,0.0,0.0,0.0,0.0,0.0,0.0,0.0,0.0,0.0,0.0,0.0,0.0,0.0,0.0,0.0,0.0,0.0,0.0,0.0,0.0,,51.433133,39.0621041,40.6931413,35.3910776,42.4374373,45.9392544,48.7595456,51.4217296,47.6520987,49.4063622,54.3380528,50.9761862,54.9473808,57.2648536,57.7362424,56.5785005,61.1320968,63.4130692,59.2746757,64.4853961,64.8906236,61.6039818,61.9543862,68.4024622,71.4955276,68.2668687,73.8733497,78.171862,77.9116582,
77.6410063169509,70.89516466333994,75.0138653287861,66.69453814872006,69.71673299322818,58.138918768680576,75.13872588399173,83.96894924022583,83.03646403066419,79.2020747885783,74.66419513203745,73.66515640549623,77.11264296510878,70.9384707669716,76.78664711447522,76.04267732985204,54.40976586434771,56.92098378434794,66.52888390520042,67.29289229287221,0.0,0.0,0.0,0.0,0.0,0.0,0.0,0.0,0.0,,522.2619260659773,186.20607939844032,280.7257875698486,391.12694444834966,138.17931467218096,350.5824949821777,575.5587835193933,686.6090991057873,309.65319717078006,517.5825396052402,952.5284444905878,464.9806875173909,547.6038215581511,281.22481159439894,652.265427845589,439.65740132356405,1182.7817900329035,834.0974331659282,621.561190518997,337.77853491627303,0.0,0.0,0.0,0.0,0.0,0.0,0.0,0.0,0.0,,0.0,0.0,0.0,0.0,0.0,0.0,0.0,0.0,0.0,0.0,0.0,0.0,0.0,0.0,0.0,0.0,0.0,0.0,0.0,0.0,0.0,0.0,0.0,0.0,0.0,0.0,0.0,0.0,0.0,,50.1087401,38.1986699,39.1365616,33.9811953,40.5025531,44.6578601,46.7365126,49.3559632,46.4239172,47.6628173,52.2333246,48.392864,53.2512079,55.137548,55.5201419,55.555225,59.3831138,61.0734414,56.3818363,62.7453107,62.4226518,58.2001105,60.3164692,65.9888401,68.3535589,65.4998351,71.8482248,75.4511933,74.5556335,
55.08142775037658,45.40433392629824,48.979135909189324,42.73455568605246,45.08268314368519,38.15043768834341,49.264507762665914,54.98401840030325,54.17334378569398,50.506923916327004,48.16274949343663,45.964499200435334,49.17908272570415,42.903117912565044,48.57280353965724,48.48470925214959,32.68332838746443,34.606763271441004,41.15543329087546,41.21823539974884,0.0,0.0,0.0,0.0,0.0,0.0,0.0,0.0,0.0,,590.3599299111271,222.48013955879182,297.5774990899948,416.8858565748593,184.18351051275124,467.20921136853224,682.5803457344803,739.0753754503953,267.59771990960775,523.9849418674518,998.0895195220398,502.8930462466707,641.9249319222253,343.52273571030435,755.3804289542181,554.1279830197993,1257.4159659168263,897.0650653196038,692.6388821383822,384.7836435341821,0.0,0.0,0.0,0.0,0.0,0.0,0.0,0.0,0.0,,0.0,0.0,0.0,0.0,0.0,0.0,0.0,0.0,0.0,0.0,0.0,0.0,0.0,0.0,0.0,0.0,0.0,0.0,0.0,0.0,0.0,0.0,0.0,0.0,0.0,0.0,0.0,0.0,0.0,,48.00485,35.9412566,37.3431805,32.9723998,38.3126309,43.2460759,44.9728084,47.1655777,43.9706324,46.0354775,49.5538089,45.5452124,51.2795227,52.628662,53.0086151,52.6375316,57.0943781,58.5287478,53.1753639,60.6274186,59.6957756,54.1884709,57.078515,63.9710694,65.8054723,61.9643938,69.374058,72.7833984,71.5263643,
22.41372450141303,,,,,,,,,,,,,,,,,,,,,,,,,,,,,,266.14256680612914,,,,,,,,,,,,,,,,,,,,,,,,,,,,,,0.0,,,,,,,,,,,,,,,,,,,,,,,,,,,,,,32.2702757,,,,,,,,,,,,,,,,,,,,,,,,,,,,,
0.8366028204522978,,,,,,,,,,,,,,,,,,,,,,,,,,,,,,277.2157663627246,,,,,,,,,,,,,,,,,,,,,,,,,,,,,,0.0,,,,,,,,,,,,,,,,,,,,,,,,,,,,,,31.1584977,,,,,,,,,,,,,,,,,,,,,,,,,,,,,
0.0,,,,,,,,,,,,,,,,,,,,,,,,,,,,,,265.78968149638547,,,,,,,,,,,,,,,,,,,,,,,,,,,,,,0.0,,,,,,,,,,,,,,,,,,,,,,,,,,,,,,30.2040353,,,,,,,,,,,,,,,,,,,,,,,,,,,,,
0.0,,,,,,,,,,,,,,,,,,,,,,,,,,,,,,231.10002769930176,,,,,,,,,,,,,,,,,,,,,,,,,,,,,,0.0,,,,,,,,,,,,,,,,,,,,,,,,,,,,,,29.549139,,,,,,,,,,,,,,,,,,,,,,,,,,,,,
0.0,,,,,,,,,,,,,,,,,,,,,,,,,,,,,,201.20941133193736,,,,,,,,,,,,,,,,,,,,,,,,,,,,,,0.0,,,,,,,,,,,,,,,,,,,,,,,,,,,,,,29.5133999,,,,,,,,,,,,,,,,,,,,,,,,,,,,,
0.0,,,,,,,,,,,,,,,,,,,,,,,,,,,,,,186.33444282939723,,,,,,,,,,,,,,,,,,,,,,,,,,,,,,0.0,,,,,,,,,,,,,,,,,,,,,,,,,,,,,,30.0985834,,,,,,,,,,,,,,,,,,,,,,,,,,,,,
0.0,,,,,,,,,,,,,,,,,,,,,,,,,,,,,,176.0578673115644,,,,,,,,,,,,,,,,,,,,,,,,,,,,,,0.0,,,,,,,,,,,,,,,,,,,,,,,,,,,,,,31.2790078,,,,,,,,,,,,,,,,,,,,,,,,,,,,,
0.0,,,,,,,,,,,,,,,,,,,,,,,,,,,,,,161.10834009249191,,,,,,,,,,,,,,,,,,,,,,,,,,,,,,0.0,,,,,,,,,,,,,,,,,,,,,,,,,,,,,,32.2150414,,,,,,,,,,,,,,,,,,,,,,,,,,,,,
0.0,,,,,,,,,,,,,,,,,,,,,,,,,,,,,,145.6995146494191,,,,,,,,,,,,,,,,,,,,,,,,,,,,,,0.0,,,,,,,,,,,,,,,,,,,,,,,,,,,,,,33.8518964,,,,,,,,,,,,,,,,,,,,,,,,,,,,,
0.0,,,,,,,,,,,,,,,,,,,,,,,,,,,,,,127.56551910323985,,,,,,,,,,,,,,,,,,,,,,,,,,,,,,0.0,,,,,,,,,,,,,,,,,,,,,,,,,,,,,,35.0995045,,,,,,,,,,,,,,,,,,,,,,,,,,,,,
0.0,,,,,,,,,,,,,,,,,,,,,,,,,,,,,,119.55270114153834,,,,,,,,,,,,,,,,,,,,,,,,,,,,,,0.0,,,,,,,,,,,,,,,,,,,,,,,,,,,,,,35.8771068,,,,,,,,,,,,,,,,,,,,,,,,,,,,,
0.0,,,,,,,,,,,,,,,,,,,,,,,,,,,,,,116.89990335279737,,,,,,,,,,,,,,,,,,,,,,,,,,,,,,0.0,,,,,,,,,,,,,,,,,,,,,,,,,,,,,,36.6410929,,,,,,,,,,,,,,,,,,,,,,,,,,,,,
0.0,,,,,,,,,,,,,,,,,,,,,,,,,,,,,,112.4298161356931,,,,,,,,,,,,,,,,,,,,,,,,,,,,,,0.0,,,,,,,,,,,,,,,,,,,,,,,,,,,,,,36.9243972,,,,,,,,,,,,,,,,,,,,,,,,,,,,,
0.0,,,,,,,,,,,,,,,,,,,,,,,,,,,,,,101.86846053429683,,,,,,,,,,,,,,,,,,,,,,,,,,,,,,0.0,,,,,,,,,,,,,,,,,,,,,,,,,,,,,,36.9809201,,,,,,,,,,,,,,,,,,,,,,,,,,,,,
4.645613431749689,,,,,,,,,,,,,,,,,,,,,,,,,,,,,,86.92763567637674,,,,,,,,,,,,,,,,,,,,,,,,,,,,,,0.0,,,,,,,,,,,,,,,,,,,,,,,,,,,,,,36.9055153,,,,,,,,,,,,,,,,,,,,,,,,,,,,,
30.75799592535471,,,,,,,,,,,,,,,,,,,,,,,,,,,,,,89.50937299205252,,,,,,,,,,,,,,,,,,,,,,,,,,,,,,0.0,,,,,,,,,,,,,,,,,,,,,,,,,,,,,,37.0269902,,,,,,,,,,,,,,,,,,,,,,,,,,,,,
63.907720907642855,,,,,,,,,,,,,,,,,,,,,,,,,,,,,,73.21135941144402,,,,,,,,,,,,,,,,,,,,,,,,,,,,,,0.0,,,,,,,,,,,,,,,,,,,,,,,,,,,,,,37.2179209,,,,,,,,,,,,,,,,,,,,,,,,,,,,,
89.20093779963922,,,,,,,,,,,,,,,,,,,,,,,,,,,,,,64.55508569465265,,,,,,,,,,,,,,,,,,,,,,,,,,,,,,0.0,,,,,,,,,,,,,,,,,,,,,,,,,,,,,,37.7957576,,,,,,,,,,,,,,,,,,,,,,,,,,,,,
104.59870742299047,,,,,,,,,,,,,,,,,,,,,,,,,,,,,,65.52660749093181,,,,,,,,,,,,,,,,,,,,,,,,,,,,,,0.0,,,,,,,,,,,,,,,,,,,,,,,,,,,,,,39.6089183,,,,,,,,,,,,,,,,,,,,,,,,,,,,,
111.29131859326453,,,,,,,,,,,,,,,,,,,,,,,,,,,,,,70.5270437945427,,,,,,,,,,,,,,,,,,,,,,,,,,,,,,0.0,,,,,,,,,,,,,,,,,,,,,,,,,,,,,,40.3877247,,,,,,,,,,,,,,,,,,,,,,,,,,,,,
108.95542487061108,,,,,,,,,,,,,,,,,,,,,,,,,,,,,,81.8082398737665,,,,,,,,,,,,,,,,,,,,,,,,,,,,,,0.0,,,,,,,,,,,,,,,,,,,,,,,,,,,,,,39.9613948,,,,,,,,,,,,,,,,,,,,,,,,,,,,,
98.55788238013461,,,,,,,,,,,,,,,,,,,,,,,,,,,,,,98.03235786641201,,,,,,,,,,,,,,,,,,,,,,,,,,,,,,0.0,,,,,,,,,,,,,,,,,,,,,,,,,,,,,,38.6491751,,,,,,,,,,,,,,,,,,,,,,,,,,,,,
80.19713621681608,,,,,,,,,,,,,,,,,,,,,,,,,,,,,,114.840139521481,,,,,,,,,,,,,,,,,,,,,,,,,,,,,,0.0,,,,,,,,,,,,,,,,,,,,,,,,,,,,,,37.161326,,,,,,,,,,,,,,,,,,,,,,,,,,,,,
53.47557530744689,,,,,,,,,,,,,,,,,,,,,,,,,,,,,,145.22494044192703,,,,,,,,,,,,,,,,,,,,,,,,,,,,,,0.0,,,,,,,,,,,,,,,,,,,,,,,,,,,,,,35.3864442,,,,,,,,,,,,,,,,,,,,,,,,,,,,,
