,year,scenario,Fossil_Gen_GWh_loc0,Discounted_Fossil_Gen_GWh_loc0,Annual_Emissions_loc0,Fossil_Gen_GWh_loc1,Discounted_Fossil_Gen_GWh_loc1,Annual_Emissions_loc1,Fossil_Gen_GWh_loc2,Discounted_Fossil_Gen_GWh_loc2,Annual_Emissions_loc2,Total_Annual_Demand_loc0,Discounted_Annual_Demand_loc0,Total_Annual_Demand_loc1,Discounted_Annual_Demand_loc1,Total_Annual_Demand_loc2,Discounted_Annual_Demand_loc2,RE_PV_MY_new_annual_installed_GWp_loc0,RE_PV_MY_total_capacity_GWp_loc0,RE_PV_MY_annual_generation_GWh_loc0,RE_PV_MY_discounted_annual_gen_GWh_loc0,RE_PV_MY_annual_CAPEX_BUSD_loc0,RE_WIND_MY_new_annual_installed_GWp_loc0,RE_WIND_MY_total_capacity_GWp_loc0,RE_WIND_MY_annual_generation_GWh_loc0,RE_WIND_MY_discounted_annual_gen_GWh_loc0,RE_WIND_MY_annual_CAPEX_BUSD_loc0,PP_CO2_MY_annual_OPEX_BUSD_loc0,RE_PV_MY_new_annual_installed_GWp_loc1,RE_PV_MY_total_capacity_GWp_loc1,RE_PV_MY_annual_generation_GWh_loc1,RE_PV_MY_discounted_annual_gen_GWh_loc1,RE_PV_MY_annual_CAPEX_BUSD_loc1,RE_WIND_MY_new_annual_installed_GWp_loc1,RE_WIND_MY_total_capacity_GWp_loc1,RE_WIND_MY_annual_generation_GWh_loc1,RE_WIND_MY_discounted_annual_gen_GWh_loc1,RE_WIND_MY_annual_CAPEX_BUSD_loc1,PP_CO2_MY_annual_OPEX_BUSD_loc1,RE_PV_MY_new_annual_installed_GWp_loc2,RE_PV_MY_total_capacity_GWp_loc2,RE_PV_MY_annual_generation_GWh_loc2,RE_PV_MY_discounted_annual_gen_GWh_loc2,RE_PV_MY_annual_CAPEX_BUSD_loc2,RE_WIND_MY_new_annual_installed_GWp_loc2,RE_WIND_MY_total_capacity_GWp_loc2,RE_WIND_MY_annual_generation_GWh_loc2,RE_WIND_MY_discounted_annual_gen_GWh_loc2,RE_WIND_MY_annual_CAPEX_BUSD_loc2,PP_CO2_MY_annual_OPEX_BUSD_loc2,EL_Transport_MY_annual_OPEX_BUSD_target_loc1,EL_Transport_MY_annual_CAPEX_BUSD_target_loc1,EL_Transport_MY_annual_OPEX_BUSD_target_loc2,EL_Transport_MY_annual_CAPEX_BUSD_target_loc2,System_LCOE_USD_per_kWh,System_LCUE_USD_per_kWh,HVDC_MEX-CHL_annual_forward_GWh,HVDC_CHL-MEX_annual_reverse_GWh,HVDC_MEX-CHL_annual_total_GWh,HVDC_MEX-USA_annual_forward_GWh,HVDC_USA-MEX_annual_reverse_GWh,HVDC_MEX-USA_annual_total_GWh
0,1,MEX-CHL-WECC_low,353009.29491364077,353009.29491364077,143.31047743750094,75502.62310453012,75502.62310453012,27.29442476015695,1261958.0287414817,1261958.0287414817,474.56057866626367,374452.1939849834,374452.1939849834,93298.49082726167,93298.49082726167,1441501.1822344584,1441501.1822344584,1.0820000000034802,8.61500000000348,15080.453283062434,15080.453283062434,0.0,0.909000000006587,8.126000000006586,6362.445790730671,6362.445790730671,0.0,8.772633987898889,2.155000000002443,6.852000000002443,12734.535475504723,12734.535475504723,0.0,0.1840000000043799,4.88100000000438,5061.332248914785,5061.332248914785,0.0,2.714923321592694,10.925600000003834,59.33200000000383,104690.9211855787,104690.9211855787,0.0,1.5566000000115372,49.96300000001153,74852.23230896352,74852.23230896352,0.0,48.44025893324184,0.0,0.0,0.0,0.0,0.03138811451589821,0.03138811451599199,0.0,0.0,0.0,0.0,0.0,0.0
1,2,MEX-CHL-WECC_low,355323.64389101166,338403.47037239204,144.25002906314626,71391.07021997099,67991.49544759141,25.808086057730158,1248079.041811365,1188646.7064870142,469.34137175220576,379910.9161654542,361819.9201575754,94404.13441219501,89908.69944018572,1452222.6914922919,1383069.2299926588,1.3314511312309891,9.94645113123447,17411.14238151878,16582.040363351218,0.0,1.0392225337272476,9.165222533733834,7176.129895498088,6834.409424283894,0.0,8.409664642224318,2.685071198675729,9.537071198678172,17724.776928187137,16880.739931606797,0.0,0.2188687450239299,5.09986874502831,5288.287265810529,5036.464062676694,0.0,2.4448381933044905,12.559254021934304,71.89125402193814,126851.64175727528,120811.08738788121,0.0,1.6285220274503833,51.59152202746192,77292.00792529866,73611.43611933205,0.0,45.626203828504046,0.0,0.0,0.0,0.0,0.030783067833039607,0.030783067833135395,0.0,0.0,0.0,0.0,0.0,0.0
2,3,MEX-CHL-WECC_low,366994.03408405103,332874.40733247256,148.98783402903408,65704.49732440812,59595.915940506224,23.752372896265513,1199689.3020846061,1088153.561981502,451.14436173821815,395379.57904738747,358620.9333763151,95107.90331860584,86265.67194431368,1431859.7659386252,1298739.0167243765,1.6384123057766293,11.584863437011098,20279.16330266203,18393.798913979164,0.0,1.1881006321213397,10.353323165855173,8106.381663378808,7352.727132316379,0.0,8.272261896619277,3.3455254487002235,12.882596647378396,23942.481614506698,21716.536611797455,0.0,0.2603452584086632,5.360214003436973,5558.251177352148,5041.49766653256,0.0,2.1429499453887235,14.437180712035651,86.32843473397378,152325.95154062295,138164.1283815174,0.0,1.703767180952879,53.2952892084148,79844.51231512801,72421.3263629279,0.0,41.76877447665995,0.0,0.0,0.0,0.0,0.029926919954578003,0.029928435129018202,0.0,0.0,0.0,0.0,0.0,0.0
3,4,MEX-CHL-WECC_low,363221.82462125015,313764.66871504165,147.45643769783976,59422.6844191674,51331.54900694732,21.48147868558227,1173281.106620577,1013524.3335454719,441.2135334257746,396200.1210200833,342252.56107986893,95174.48972858835,82215.30264860239,1430880.0834424584,1236048.0150674514,2.0161422531798165,13.601005690190917,23808.395927278885,20566.587562707165,0.0,1.3583068748367533,11.711630040691926,9169.90047439513,7921.304804574132,0.0,7.797365782237504,4.168433423075927,17.051030070454324,31689.571997376097,27374.64377270368,0.0,0.3096817390180991,5.669895742455072,5879.374343217934,5078.824613512955,0.0,1.8457798391918114,16.595905023335636,100.92433975730943,178080.32932040663,153832.48402583445,0.0,1.7824890041165573,53.077778212531356,79518.6475032949,68691.1974977172,0.0,38.90413154314294,0.0,0.0,0.0,0.0,0.029208650476923923,0.029236261925887134,0.0,0.0,0.0,0.0,0.0,0.0
4,5,MEX-CHL-WECC_low,368758.021151323,303378.13660055056,149.70395633076024,56708.38970672242,46654.132553183015,20.500253004149293,1178027.360441161,969166.0248074915,442.9983669212593,406474.23776424583,334407.3613477888,97150.27764382835,79925.77384429601,1455002.1798421668,1197033.8941837335,2.4809564544433136,15.75796214463423,27584.122107757034,22693.525523013173,0.0,1.5528967129105866,12.940526753602512,10132.094508150283,8335.699226680474,0.0,7.539250072660279,5.19375430528084,22.10178437573516,41076.46777651125,33793.71169544479,0.0,0.3683676824662951,5.895263424921367,6113.068405731523,5029.2365059673875,0.0,1.6775892983473564,19.077413314772706,114.76675307208214,202505.17596901077,166601.50942787068,0.0,1.864848134954313,49.70762634748567,74469.64343390698,61266.359949944286,0.0,37.20143786223558,0.0,0.0,0.0,0.0,0.02870786742374709,0.02880676865482588,0.0,0.0,0.0,0.0,0.0,0.0
5,6,MEX-CHL-WECC_low,376511.31380261347,295006.4663357647,152.85154504181943,56594.295599530284,44343.11147508273,20.459007642117005,1154022.3781658865,904206.7299831312,433.9712693316598,420723.56842009997,329647.9247071313,101925.42668695917,79861.23883769507,1462507.7210146668,1145913.0680771442,3.052931864869632,18.71689400950386,32763.696542569938,25671.213551335724,0.0,1.7753633185855955,14.621890072188108,11448.558078051245,8970.244822486999,0.0,7.331205694910091,6.471276147602534,28.5520605233377,53064.39399198369,41577.3412005109,0.0,0.4381748498172131,6.3124382747385805,6545.656096945239,5128.692828660398,0.0,1.5944896024210253,21.929969969755053,133.59872304183722,235734.06230138938,184703.80614104445,0.0,1.951012633688485,48.56063898117415,72751.28054940092,57002.53195454346,0.0,34.70797533040249,0.0,0.0,0.0,0.0,0.027852284088554218,0.028052621172987277,0.0,0.0,0.0,0.0,0.0,0.0
6,7,MEX-CHL-WECC_low,377025.8003432558,281342.4571453845,153.0604101137508,54072.572511426275,40349.78614377675,19.547397180598153,1107839.9192662807,826687.204765177,416.6043094800046,429195.7010480417,320272.4402922998,101004.15841602876,75370.85813436566,1449077.4755909585,1081323.9232053098,3.756774108163856,22.391668117667717,39196.344164618706,29248.915507506703,0.0,2.029700292861749,16.56959036504986,12973.55654346019,9681.067641865859,0.0,6.991641402519948,8.063033504674365,36.61509402801207,68049.65175693149,50779.697876783,0.0,0.5212107580302323,6.833649032768813,7086.123381947773,5287.774370076237,0.0,1.4508976101579258,25.209056119885137,154.27557916172233,272218.2380313884,203133.4404643163,0.0,2.0411583256912715,46.06959730686543,69019.31829540052,51503.27797739193,0.0,31.732388354911347,0.0,0.0,0.0,0.0,0.026818799762875708,0.02720096071136767,0.0,0.0,0.0,0.0,0.0,0.0
7,8,MEX-CHL-WECC_low,377282.44234020094,268127.5879570748,153.1645985519667,53027.546228637766,37685.68708730479,19.16961704429124,1092158.5462405512,776176.6883552145,410.70731347230543,436285.8940402417,310060.23949352815,102635.89407014583,72941.41371686547,1458769.6969363752,1036720.3885722571,4.6228845989563,25.80055271662402,45163.5554173048,32096.895637375623,0.0,2.3204733564760813,17.67606372152594,13839.896286194768,9835.755901535824,0.0,6.663238688321265,10.046319738894796,46.64341376690686,86687.42079876082,61607.13151881289,0.0,0.6199823070620002,7.435631339830812,7710.346382153937,5479.599222633129,0.0,1.3551019362853052,28.97844873166563,174.37842789338796,307689.58152515703,218669.241065479,0.0,2.135469160270001,39.32946646713543,58921.56917288659,41874.459153141,0.0,29.7935421825149,0.0,0.0,0.0,0.0,0.02604926007627531,0.02663329982511478,0.0,0.0,0.0,0.0,0.0,0.0
8,9,MEX-CHL-WECC_low,374062.2927763199,253180.08360171228,151.85732087381712,51693.43810442454,34988.15366766812,18.68733295506382,1014341.8970118994,686546.5224525022,381.4442847132218,444323.0794083416,300735.3496013636,102670.88225200833,69491.69444237177,1436060.3356950835,971982.1614465624,5.6886736865074585,31.182226403131473,54584.11010262451,36944.67425876398,0.0,2.652902311268679,20.021966032794616,15676.676533030191,10610.591743346244,0.0,6.291778257586154,12.517440270785151,59.06185403769201,109767.2614553127,74294.80321504993,0.0,0.7374714645612758,8.074102804392089,8372.40665947271,5666.774382042239,0.0,1.2581040295820123,33.311461044007565,207.4326889373955,366013.6062977168,247732.41578036564,0.0,2.234137586029665,41.306404053165096,61883.324700972975,41885.07001082064,0.0,26.353088264339284,0.0,0.0,0.0,0.0,0.024358223040639372,0.02525908063573665,0.0,0.0,0.0,0.0,0.0,0.0
9,10,MEX-CHL-WECC_low,381841.16006506607,246138.21635688865,155.01529206929473,52299.53613826649,33712.74730878148,18.90643921259174,970136.2761258978,625358.4935370845,364.82071677342003,465597.93798560835,300128.5821981441,106561.09726338251,68690.23341792828,1448915.2188255417,933983.6688986048,7.0001765388790576,37.73540294201053,66055.36635917546,42579.87811915763,0.0,3.03295474326159,22.607920776056208,17701.411565182712,11410.487724557608,0.0,6.116780814685039,15.59638902652532,74.22724306421733,137952.34384848957,88925.31085787975,0.0,0.8772252931202453,8.520328097512333,8835.118084662003,5695.195893210233,0.0,1.2122429677291633,38.292368482577416,244.13205741997297,430769.3990127741,277677.7954374161,0.0,2.3373649435802513,42.05076899674535,62998.49748242134,40609.393185493245,0.0,24.00438577442098,0.0,0.0,0.0,0.0,0.022835972499374763,0.024050775101574644,0.0,0.0,0.0,0.0,0.0,0.0
10,11,MEX-CHL-WECC_low,691077.0573571486,424261.3647295009,280.55517082116734,51323.61454442292,31508.247188438498,18.553640628652513,534916.966348694,328392.6151852795,201.1560601123928,467086.6593182209,286750.69070753315,106746.2510468,65532.938283419644,1460492.4587421669,896615.6771181466,8.614041563277238,45.64744450528777,79905.29940254198,49054.92233136302,0.0,3.4674531495581813,25.37337392561439,19866.689161891434,12196.423780459707,0.0,10.543319174892842,19.432675163985238,93.48191822820257,173737.42031448527,106659.70496704402,0.0,1.043463038059465,9.385791135571798,9732.556311412707,5974.945310408025,0.0,1.132973552401871,44.018047784467306,287.02490520444024,506453.5449513637,310918.5435483428,0.0,2.445361876390241,43.37093087313559,64976.30232714599,39889.81316470619,0.0,12.60535053388695,0.47933199812105215,0.0,1.4162092051382593,0.0,0.020000040386648106,0.020960204186512878,128.02752177373006,91145.02474789752,91273.05226967126,423842.7542091409,21663.584050580386,445506.3382597213
11,12,MEX-CHL-WECC_low,652842.1333745705,381703.27442711696,265.0330152018074,51846.099469192064,30313.34057955193,18.74252049641132,516183.12088876433,301801.58015966124,194.11117879334074,482305.1721611917,281993.8451819173,112174.787227525,65586.27484961168,1468934.4847764168,858855.5702736274,10.59997724938834,55.46742175467611,97095.05078386258,56769.4652661203,0.0,3.9641974121355723,28.55757133774996,22359.832580754468,13073.331017407281,0.0,9.485708072788276,24.212583014352838,117.5655012425554,218497.08789671375,127750.7220189074,0.0,1.2412035087561695,10.497994644327967,10885.851022787165,6364.731637104066,0.0,1.0900071005595267,50.599861213523596,337.24836641796384,595072.5097523417,347926.57195688115,0.0,2.5583487606044475,45.552879633740034,68245.19601877741,39901.55269182334,0.0,11.5846536544286,0.45791005036347754,0.0,1.3299900035194656,0.0,0.018342666253198792,0.019850431377408818,536.5392357466286,91017.10319108836,91553.642426835,403100.72553035297,36202.255238475365,439302.9807688283
12,13,MEX-CHL-WECC_low,616019.760719726,343022.8531055301,250.0843102198654,50216.42291756095,27962.38328752706,18.153387533967063,495526.1806822455,275927.5190904883,186.34311577173918,488672.77495816664,272111.286341369,111345.93981244584,62001.585649716246,1463103.141095125,814710.5756148867,13.043763123519911,68.38218487819603,119702.18739976284,66654.65698189031,0.0,4.532104817157617,32.960676154907574,25807.348666165213,14370.497401275516,0.0,8.524460922525517,30.168217771344782,147.47071901390018,274076.34309399175,152615.9632720053,0.0,1.4764165993010259,11.711411243628994,12144.098219141455,6762.288298441424,0.0,1.005471378252899,58.16582251363062,393.44738893159445,694235.3129054578,386576.1992459651,0.0,2.676556154767449,46.26263578850748,69308.51952976268,38593.577072661996,0.0,10.591477820288393,0.45011218305960843,0.0,1.2161967320561062,0.0,0.016600344742311878,0.018965245775219727,949.7958386996671,93544.48380955224,94494.2796482519,385779.1315184625,36023.13059532389,421802.2621137864
13,14,MEX-CHL-WECC_low,587922.2156791057,311787.7034933175,238.6776060548152,49283.0712915685,26135.864931292945,17.81597812111591,472524.9104763922,250590.04873738717,177.693465109558,508269.34102831664,269546.0834257307,112761.16642831666,59799.65408060373,1442796.969841625,765146.0377533488,16.05095486712557,84.4331397453216,147799.1897238642,78381.0659186398,0.0,5.181370133289226,38.1420462881968,29864.226169824695,15837.636758357983,0.0,7.748236219512431,37.5887761731061,184.66949518700628,343210.7760802163,182012.00232688003,0.0,1.7562035228818837,13.077614766510878,13560.777167909508,7191.569663485642,0.0,0.9397934311994327,66.86308672686447,458.39267565845887,808830.8413571623,428940.2642321003,0.0,2.8002252702757255,47.14506105878321,70630.52784243334,37456.87692218932,0.0,9.618899020784614,0.4493891752083298,0.0,1.114696849125485,0.0,0.014847585919276228,0.018155471923135852,1361.9741087383766,97697.6456722709,99059.61978100927,370416.3124564976,35513.68402048398,405929.99647698156
14,15,MEX-CHL-WECC_low,561592.6347133522,283642.4424320328,227.98863872931014,46914.4217386159,23694.97095349119,16.959704201774887,459343.12949854735,231999.4941383867,172.73644319105807,509270.1742509625,257216.04443060467,113280.10695893875,57214.15173686459,1439885.2529447917,727239.8972532604,19.75144363683947,101.82358338216106,178240.95093535364,90023.79222889373,0.0,5.923648622711477,41.70469491090828,32653.687003371913,16492.33085254942,0.0,7.048798336878445,46.83458946434299,231.19708465134926,429682.9358325783,217019.08083806507,0.0,2.089011201338497,14.859625967849375,15408.626125347288,7782.403255602423,0.0,0.8520237655456371,76.860812302559,533.8660879610179,942003.1776844965,475775.61666838237,0.0,2.9296084635936457,48.68726952237685,72940.99251000202,36840.15777648817,0.0,8.905300582501962,0.48908779625014387,0.0,1.020870145787884,0.0,0.013241143665638857,0.017583379558124862,3220.1540555039232,109980.82295799757,113200.9770135015,365346.65338970977,25003.337963235157,390349.9913529449
15,16,MEX-CHL-WECC_low,545600.1485096505,262443.0001541143,221.49620109016584,46258.27236783953,22251.019937079873,16.722504235791046,456343.83884721715,219509.18909398167,171.6085569423347,533221.0742550668,256488.45377912186,117642.14743153541,56587.88437070722,1451699.4268292082,698292.2455937101,24.305066519016922,125.67464990117797,219991.95434697336,105819.89148334228,0.0,6.772265270127298,48.02296018103558,37600.72370932917,18086.59100478185,0.0,6.5219709968298964,58.35462054396076,289.25770519531,537589.3911808886,258589.68891032235,0.0,2.4848872824008748,17.050513250250248,17680.457400934847,8504.602311918694,0.0,0.8001021748975159,88.35345116419134,615.4395391252092,1085938.9921971618,522355.2227305113,0.0,3.0649697512066676,44.97223927358352,67375.30775893742,32408.67502119009,0.0,8.425860223372474,0.5287025757659407,0.0,0.9466331043073077,0.0,0.011878379724856346,0.017029665892351442,3978.5246917171676,124509.9205616411,128488.44525335827,361148.17322269036,18914.008912494453,380062.1821351848
16,17,MEX-CHL-WECC_low,524233.0025039026,240157.17865518425,212.82182356050424,45661.44819822343,20918.035530419605,16.50675050800235,451189.936452114,206695.30849528103,169.67042679275409,539175.450283375,247002.48614971535,121856.78840625835,55823.998801775,1470013.177504125,673429.9740938288,29.908510453989837,155.1091603551678,271516.7088230067,124384.9327250034,0.0,7.742453985728887,55.442414166764465,43409.96242222387,19886.60395483446,0.0,5.968146046759979,72.70826493359301,361.118970128903,671144.5323967611,307459.0432124867,0.0,2.9557834837266737,19.159296733976923,19867.151490702334,9101.371007039359,0.0,0.7521707216028275,101.56453072462641,710.9776698498357,1254515.3913394245,574707.9552881406,0.0,3.2065853483668474,42.15242462195037,63150.793190712626,28930.1059835615,0.0,7.933999416591367,0.5662520421627331,0.0,0.8976495733046287,0.0,0.010519378278932501,0.016510229101258427,5301.697476480431,139192.93948326152,144494.63695974194,362175.14586756425,16240.51144894597,378415.6573165102
17,18,MEX-CHL-WECC_low,499958.32463313267,218130.16098090936,202.9670811346635,43676.70170046785,19056.00027768161,15.789258694824229,438444.4727447164,191291.87115980848,164.8774824201235,548748.3695133375,239417.0959505278,120833.59920888333,52719.29908693368,1456749.3513940417,635574.9166924849,36.80380783473593,191.74796818990376,335652.4987125731,146444.0733766031,0.0,8.851631076170094,64.29404524293457,50340.55839584357,21963.41888058747,0.0,5.420752630536576,90.59251418952783,451.0274843184308,838240.7325567221,365721.6550349962,0.0,3.5159164218622063,21.991213155839127,22803.695213748775,9949.176687046147,0.0,0.6852156579848753,116.75100140846628,826.0498712583019,1457559.5288757286,635928.3944441219,0.0,3.3547442327326125,43.82836885468298,65661.61453941747,28647.944926728735,0.0,7.342738474469252,0.5948304913602439,0.0,0.8301718274353843,0.0,0.00908521900529541,0.01603269130571517,5898.456282854974,153478.11099993763,159376.56728279262,354780.70444276254,12687.323685958745,367468.0281287213
18,19,MEX-CHL-WECC_low,476983.8506614348,198196.64198805313,193.640179885321,42350.858362408,17597.65640094779,15.309962350585591,427863.330678704,177786.05135739752,160.8984333650572,557374.1283655042,231600.46282462685,122766.05182807083,51011.83025109535,1464750.86388925,608634.2381809726,45.28879073465864,237.03675892456238,414929.979028317,172411.97660999728,0.0,10.119707892747739,74.4137531356823,58264.02540120716,24209.905989925264,0.0,4.925384750045097,112.87580077278577,563.1942850912167,1046704.2619808909,434927.2403908853,0.0,4.182196819752409,25.46440997559154,26405.2119256163,10971.910951246757,0.0,0.6327765288652809,134.2082342391429,958.7015054974448,1691622.4592550758,702904.0720582112,0.0,3.509748734049904,45.78151758873288,68587.73072089233,28499.618785019764,0.0,6.8243175813536965,0.6143290468536905,0.0,0.7769273017695246,0.0,0.007792755679944378,0.015454461505130069,6078.692655690008,166752.28843279008,172830.9810884801,349862.5769190454,11232.236049632875,361094.8129686783
19,20,MEX-CHL-WECC_low,457328.09472971415,180980.25658227532,185.66057196123273,40168.93600340807,15896.21199377727,14.521190872040023,412204.2874838219,163123.2337852018,155.00983451257875,578293.2385530584,228850.27160857557,124282.192960175,49182.68400683695,1443234.6822733334,571136.9717196944,55.72995531923589,292.7667142437983,512484.59164103377,202807.5553601685,0.0,11.56944826928434,85.98320140496665,67322.60126164586,26641.83939392526,0.0,4.497540356326125,140.640167833744,703.6504529249606,1307743.9660135265,517518.69443518086,0.0,4.974740050811741,30.255150026403278,31372.94950302243,12415.341450114624,0.0,0.5715959908722428,154.27576569190552,1112.9772711893504,1963841.0264177376,777158.5803359316,0.0,3.6719151510794124,49.4534327398123,74088.82244691628,29319.462877622213,0.0,6.261485328844971,0.6143046369745397,0.0,0.726419675397708,0.0,0.0065795739303102585,0.014922038075678469,6719.045675323486,174746.27380001952,181465.319475343,342610.13340153225,11891.111487699916,354501.24488923216
20,21,MEX-CHL-WECC_low,443865.58846026607,167288.2720999097,180.1952252160376,37737.52370617517,14222.875794527952,13.642228032353447,410860.6977031532,154849.07589018156,154.5045762319681,592898.8277211043,223457.33257581515,127410.57502744166,48019.70573464411,1452925.4120857916,547592.307214055,68.57829210058792,360.2630063443827,630636.0344503648,237680.08890507763,0.0,13.226877166243941,98.30107857120399,76967.17740329004,29008.119689720465,0.0,4.157280849954861,175.23381161312312,876.7292645380813,1629413.298550698,614108.7354771624,0.0,5.917473433163685,35.98862345956259,37318.25046297313,14064.85611871505,0.0,0.5114261678196361,177.3439015478866,1279.3955727372331,2257485.0177071956,850822.360917211,0.0,3.8415743970286833,51.738407136829444,77512.06433362288,29213.481843117865,0.0,5.943881778044602,0.6188969978483236,0.0,0.6895123067474705,0.0,0.005646396060016513,0.014554320907689381,7929.574399381713,184033.42150033504,191962.99589971674,341550.4916472057,11764.029360680703,353314.52100788645
21,22,MEX-CHL-WECC_low,428744.4873413994,153894.56011309495,174.05654203701266,34753.17449338334,12474.386631434661,12.56337683888155,407550.58077979117,146287.16917589188,153.25980345282122,592351.6925559416,212620.11722510034,127482.87813020418,45759.005727289885,1462672.6639306669,525015.1846869552,84.38876579916693,443.3203210123187,776026.8590198273,278548.9158014681,0.0,15.121747856841749,112.3836038943185,87993.4269682464,31584.568748843343,0.0,3.8244337133705075,218.3365478398644,1092.38074117927,2030204.5098220373,728726.4074602484,0.0,7.038858608597038,42.80861332313569,44390.21002735409,15933.52695412701,0.0,0.4485539944931271,203.86130819165948,1470.6976269069582,2595036.225752108,931468.4392003949,0.0,4.019072674802283,54.12895778418134,81093.47562601698,29107.883898156,0.0,5.615232988816606,0.6089930045348865,0.0,0.6489680791929894,0.0,0.004787825591448543,0.014228060724612175,8372.962556869188,189962.67025580406,198335.63281267326,339595.1304812469,9570.991712606696,349166.1221938536
22,23,MEX-CHL-WECC_low,419978.8123723648,143569.70286860535,170.4979585011846,33544.06223023325,11467.03334912685,12.126279128416034,397475.78523458017,135877.04594249494,149.47116651324916,610285.8149053374,208626.1271513834,133801.64498294168,45740.075088596524,1469465.6426253335,502336.6404976899,103.84428621611472,545.5261949226567,954937.004900129,326445.09202095366,0.0,17.288076041823956,128.4835793040211,100599.287265594,34389.853383149326,0.0,3.567850685987719,242.98720691910228,1332.022422649672,2475581.844044651,846277.3342510449,0.0,8.372750815260458,50.921018879987486,52802.33456354189,18050.47126361946,0.0,0.4123315851679038,234.34373900010306,1690.6041851950258,2983059.8919343776,1019758.6395014385,0.0,4.204772183465994,56.62996278669446,84840.36447284262,29002.667657983242,0.0,5.215640408502667,0.5888711679588453,0.0,0.6158299929917881,0.0,0.004055041483496726,0.013744528569472454,8115.6535141208815,193255.85915707797,201371.51267119884,339598.4464408698,8305.135186061845,347903.5816269317
23,24,MEX-CHL-WECC_low,413988.43958081095,134782.75685909702,168.06605883974282,29666.804017163096,9658.660122685022,10.724638652616493,388260.5055072342,126406.47976730911,146.00575135650058,620656.3219174292,202067.88917768563,132415.26990309168,43110.612329782954,1455159.3366177084,473758.12536500714,127.78520550230476,671.2952581717816,1175094.228670551,382576.9624625342,0.0,19.76475048105311,146.89002291023746,115011.05192773994,37444.29835717585,0.0,3.349486290705422,267.2859276105832,1595.1399168371793,2964589.2964608106,965185.2083999108,0.0,9.959420996008253,60.570758136977645,62808.59076001381,20448.674908993424,0.0,0.34730610069150725,267.2859276113985,1941.2942077830885,3425400.777068473,1115212.2038674962,0.0,4.399051857333682,59.24652563991158,88760.37669268464,28897.83174285164,0.0,4.852112725868146,0.5450435232815787,0.0,0.5752547145108187,0.0,0.00342805024753576,0.013449312489642548,7737.3369757023065,187965.9967297916,195703.33370549392,335248.93432140275,5981.334898691214,341230.26922009396
24,25,MEX-CHL-WECC_low,408827.73030723585,126764.36000196345,165.97097601736817,25843.785867369916,8013.328677687673,9.342606122411812,371338.7430584443,115140.22806711773,139.64230566587128,638163.4166373708,197873.99701558572,133864.8209693125,41507.185298315795,1441615.5158625417,446998.7104345428,157.24561591457407,826.0599176319124,1446007.8928442744,448360.64558644226,0.0,22.596231103635294,167.93335730096217,131487.4332121475,40770.03364452009,0.0,3.150221110408797,294.0145203706039,1883.9606829025024,3501366.630307862,1085661.4341929627,0.0,11.846771600401445,72.04916205491278,74711.0730209978,23165.50628659526,0.0,0.2881432725922928,294.0145203725022,2216.2313148408184,3910525.4822186437,1212528.4643785872,0.0,4.60230813921468,61.983985644171945,92861.51137585708,28793.374778000536,0.0,4.419657654356319,0.5068276760226262,0.0,0.5441376563632876,0.0,0.0028839165279858346,0.012979674177326803,6945.453652669994,184135.17505635798,191080.62870902798,334380.2543130728,4530.572498848694,338910.8268119215
25,26,MEX-CHL-WECC_low,403439.7024842113,119136.86235650802,163.78360913811045,22769.189519270323,6723.8047743521565,8.231130318784789,364852.49703856785,107741.95363633854,137.20314636385066,638029.9336772709,188412.00784103727,134020.4498010167,39576.610290420984,1437304.0531596253,424439.8706704646,193.49801588650058,1016.5050016535433,1779379.7085814707,525455.759846864,0.0,25.833347128684117,191.99134111106073,150324.20626480613,44391.15476326331,0.0,2.9606701664215826,208.51059323559898,2085.999999990499,3876859.457351488,1144847.3432385754,0.0,9.389012794753299,80.99999999984888,83992.6064660858,24803.249491554492,0.0,0.24177457207615502,323.4159724096507,2517.717317280714,4442495.537500586,1311881.2454788615,0.0,4.814955789386178,64.84792879986963,97152.13720717026,28689.295393638637,0.0,4.135674890330859,0.47043722430595397,0.0,0.5153630049562491,0.0,0.002511993704145965,0.012758363561616234,6811.71087476634,179417.29176897174,186229.0026437381,334417.6631481973,2620.593769381211,337038.2569175785
26,27,MEX-CHL-WECC_low,402310.0425833746,113145.97205401442,163.3250033674878,24123.035711001652,6784.380292593218,8.720549778634245,357935.3657481208,100666.00532768783,134.6019522249462,665636.8860569292,187204.2070446462,138825.72614587084,39043.44925126677,1446717.3698472916,406875.8563611441,238.10827369794936,1250.8565012433287,2189609.1736282445,615807.2932450158,0.0,29.534209524157248,219.49585034235622,171859.51871676618,48333.89735209947,0.0,2.8117905515143184,8.063033510683677,2085.999999996508,3876859.457362655,1090330.8030874983,0.0,0.5212107581305278,80.99999999994917,83992.6064661898,23622.14237293829,0.0,0.24395274656106727,355.75756965044917,2848.2658308112777,5025746.20119027,1413444.5552961754,0.0,5.037428731943897,67.84419920612225,101641.00954288353,28585.59222492588,0.0,3.8640646145032838,0.4357970650841321,0.0,0.4917679601089954,0.0,0.002280735274955119,0.01239469515961962,6879.93330532991,174262.10015235693,181142.03345768683,335051.31619977724,2636.576050027587,337687.8922498048
27,28,MEX-CHL-WECC_low,398583.32037375885,106759.87234364444,161.8120734054944,24150.849892843573,6468.764546225218,8.730604688812633,351157.22337133205,94056.87198480222,132.05302500601294,663815.7352915708,177801.92882375387,138560.64722700417,37113.23643933799,1453266.1616257082,389254.89845137345,293.00326281701143,1539.236879461384,2694415.5371183776,721694.6723052795,0.0,33.7652541837359,250.940631169616,196479.96092876288,52626.82725200149,0.0,2.6530895876119107,10.04631974095057,2085.999999998564,3876859.4573664768,1038410.2886557839,0.0,0.6199823070868635,80.99999999997402,83992.60646621557,22497.27845042432,0.0,0.23260383555316635,391.33332661520217,3210.6207086948143,5665118.984203026,1517392.5968551137,0.0,5.270180940257185,70.97891098610945,106337.28827669041,28482.26391195519,0.0,3.6103730311366347,0.40038641928685487,0.0,0.4712093795323398,0.0,0.002053194722562496,0.01219468274847016,7312.836171619125,167431.6877541775,174744.52392579662,337054.11457368074,2695.118488826685,339749.2330625074
28,29,MEX-CHL-WECC_low,392912.3765839672,100229.44722133703,159.50985169704003,25124.535013513767,6409.109018125972,9.082594780990267,337153.28330169065,86005.65731216065,126.78682933888433,680455.4130297041,173579.84622344622,141433.389952175,36078.75785637633,1442034.544427875,367853.8368240758,360.5540903214184,1894.1022960962953,3315603.1560777626,845789.2684069626,0.0,38.60243454829612,286.8901634066434,224627.50585369844,57301.04747059917,0.0,2.490801992897447,12.517440269764984,2085.9999999975435,3876859.4573645797,988962.1796716909,0.0,0.7374714645375584,80.9999999999503,83992.60646619098,21425.979476588313,0.0,0.23045874207377365,430.4666592760968,3607.7759069269036,6365896.7020712225,1623899.7434085072,0.0,5.513687363335401,74.25846076341519,111250.55653119154,28379.30909973385,0.0,3.301327155927291,0.3674191451161673,0.0,0.45409551029741657,0.0,0.00182101409529866,0.01185100451792864,7658.3736702188235,160715.73825483196,168374.1119250508,339054.3985576561,4725.964196331027,343780.36275398714
29,30,MEX-CHL-WECC_low,389788.2059112939,94697.61062989432,158.24153837739584,25308.83931691238,6148.689403067664,9.149221339581766,322064.80784279114,78244.46021752934,121.11279305408932,688017.1643062292,167151.23891404414,143118.78691601666,34770.182759916774,1446253.9492610833,351362.0763329123,443.6785133264733,2330.780632883889,4080003.3020612863,991221.7922653366,0.0,44.13258508125114,327.98979374463295,256807.44309764577,62390.42352875605,0.0,2.353330321763499,15.596389019923253,2085.9999999909414,3876859.4573523104,941868.7425414867,0.0,0.877225292991443,80.99999999982151,83992.60646605742,20405.69473957547,0.0,0.22109457355550668,473.51332520172167,4042.996863646048,7133841.198771033,1733140.4744720727,0.0,5.768444894987253,77.6895407148222,116390.84021298178,28276.726438160917,0.0,3.0034136054498597,0.331868009840503,0.0,0.43864678705075216,0.0,0.0016045804113718853,0.011473961035398992,8088.765068082473,151597.7436094656,159686.50867754806,343889.57444532163,4799.314920995972,348688.8893663176
